geolocation_state,product_category_name,sales_count
AC,articulos_navidenos,1
AC,automotriz,4
AC,bebes,3
AC,belleza_salud,7
AC,juguetes,3
AC,cama_mesa_bano,4
AC,consolas_juegos,1
AC,cosas_geniales,1
AC,electronicos,4
AC,electroportatiles,1
AC,deporte_ocio,9
AC,moda_bolsas_y_accesorios,1
AC,moda_calzado,2
AC,herramientas_jardin,2
AC,informatica_accesorios,8
AC,instrumentos_musicales,1
AC,libros_interes_general,2
AC,maletas_accesorios,2
AC,mercado,1
AC,muebles_decoracion,12
AC,muebles_sala,1
AC,papeleria,2
AC,pcs,1
AC,perfumeria,3
AC,relojes_regalos,4
AC,telefonia,5
AC,utensilios_domesticos,4
AL,agro_industria_y_comercio,1
AL,alimentos,1
AL,alimentos_bebidas,1
AL,audio,5
AL,automotriz,22
AL,bebes,7
AL,bebidas,1
AL,belleza_salud,62
AL,juguetes,12
AL,cama_mesa_bano,19
AL,casa_conforto,1
AL,casa_construccion,3
AL,climatizacion,1
AL,consolas_juegos,7
AL,construccion_herramientas_construccion,1
AL,cosas_geniales,15
AL,dvds_blu_ray,1
AL,electrodomesticos,2
AL,electrodomesticos_2,2
AL,electronicos,13
AL,deporte_ocio,32
AL,moda_bolsas_y_accesorios,4
AL,moda_calzado,3
AL,herramientas_jardin,13
AL,industria_comercio_y_negocios,1
AL,informatica_accesorios,39
AL,instrumentos_musicales,1
AL,libros_interes_general,2
AL,maletas_accesorios,6
AL,mercado,3
AL,muebles_cocina_area_servicio_comedor_y_jardin,2
AL,muebles_decoracion,30
AL,muebles_oficina,7
AL,muebles_sala,3
AL,papeleria,8
AL,pcs,2
AL,perfumeria,12
AL,tienda_mascotas,3
AL,relojes_regalos,34
AL,telefonia,27
AL,telefonia_fija,4
AL,utensilios_domesticos,9
AM,alimentos,1
AM,artes,1
AM,audio,1
AM,automotriz,6
AM,bebes,5
AM,bebidas,1
AM,belleza_salud,20
AM,juguetes,7
AM,cama_mesa_bano,8
AM,casa_construccion,4
AM,climatizacion,1
AM,consolas_juegos,2
AM,construccion_herramientas_jardin,2
AM,cosas_geniales,4
AM,electrodomesticos,2
AM,electrodomesticos_2,1
AM,electronicos,4
AM,deporte_ocio,12
AM,moda_bolsas_y_accesorios,1
AM,herramientas_jardin,5
AM,informatica_accesorios,16
AM,instrumentos_musicales,1
AM,libros_interes_general,1
AM,maletas_accesorios,3
AM,mercado,1
AM,muebles_decoracion,4
AM,muebles_oficina,2
AM,musica,1
AM,papeleria,6
AM,pcs,1
AM,perfumeria,2
AM,tienda_mascotas,4
AM,relojes_regalos,10
AM,tablets_impresion_imagen,1
AM,telefonia,15
AM,telefonia_fija,1
AM,utensilios_domesticos,4
AP,agro_industria_y_comercio,1
AP,artes,2
AP,automotriz,3
AP,belleza_salud,10
AP,juguetes,3
AP,cama_mesa_bano,6
AP,consolas_juegos,1
AP,cosas_geniales,2
AP,electronicos,4
AP,deporte_ocio,7
AP,herramientas_jardin,2
AP,informatica_accesorios,8
AP,instrumentos_musicales,2
AP,muebles_decoracion,3
AP,papeleria,2
AP,pcs,1
AP,tienda_mascotas,2
AP,relojes_regalos,8
AP,telefonia,4
AP,telefonia_fija,6
AP,utensilios_domesticos,4
BA,agro_industria_y_comercio,5
BA,alimentos,14
BA,alimentos_bebidas,8
BA,artes,10
BA,articulos_navidenos,10
BA,audio,14
BA,automotriz,155
BA,bebes,94
BA,bebidas,5
BA,belleza_salud,340
BA,juguetes,113
BA,cama_mesa_bano,248
BA,casa_conforto,11
BA,casa_conforto_2,1
BA,casa_construccion,14
BA,cine_foto,3
BA,climatizacion,6
BA,consolas_juegos,34
BA,construccion_herramientas_construccion,36
BA,construccion_herramientas_herramientas,5
BA,construccion_herramientas_iluminacion,6
BA,construccion_herramientas_jardin,8
BA,construccion_herramientas_seguridad,6
BA,cosas_geniales,140
BA,electrodomesticos,37
BA,electrodomesticos_2,5
BA,electronicos,107
BA,electroportatiles,18
BA,deporte_ocio,285
BA,moda_bolsas_y_accesorios,76
BA,moda_calzado,7
BA,moda_deporte,2
BA,moda_ropa_femenina,1
BA,moda_ropa_infantil_juvenil,1
BA,moda_ropa_masculina,8
BA,moda_ropa_interior_y_playa,5
BA,herramientas_jardin,177
BA,industria_comercio_y_negocios,5
BA,informatica_accesorios,250
BA,instrumentos_musicales,32
BA,libros_importados,1
BA,libros_interes_general,14
BA,libros_tecnicos,10
BA,maletas_accesorios,29
BA,mercado,4
BA,muebles_cocina_area_servicio_comedor_y_jardin,3
BA,muebles_decoracion,247
BA,muebles_oficina,91
BA,muebles_dormitorio,4
BA,muebles_sala,20
BA,papeleria,74
BA,pcs,25
BA,perfumeria,81
BA,tienda_mascotas,61
BA,portatiles_casa_horno_y_cafe,3
BA,portatiles_cocina_y_preparadores_de_alimentos,1
BA,relojes_regalos,225
BA,senalizacion_y_seguridad,6
BA,tablets_impresion_imagen,6
BA,telefonia,240
BA,telefonia_fija,12
BA,utensilios_domesticos,154
CE,agro_industria_y_comercio,6
CE,alimentos,5
CE,alimentos_bebidas,4
CE,articulos_navidenos,2
CE,audio,5
CE,automotriz,58
CE,bebes,31
CE,bebidas,3
CE,belleza_salud,162
CE,juguetes,64
CE,cama_mesa_bano,81
CE,casa_conforto,4
CE,casa_construccion,8
CE,climatizacion,2
CE,consolas_juegos,15
CE,construccion_herramientas_construccion,10
CE,construccion_herramientas_herramientas,1
CE,construccion_herramientas_iluminacion,1
CE,construccion_herramientas_jardin,8
CE,construccion_herramientas_seguridad,5
CE,cosas_geniales,50
CE,electrodomesticos,6
CE,electrodomesticos_2,3
CE,electronicos,45
CE,electroportatiles,7
CE,deporte_ocio,91
CE,moda_bolsas_y_accesorios,27
CE,moda_calzado,3
CE,moda_ropa_masculina,1
CE,herramientas_jardin,55
CE,panales_higiene,1
CE,industria_comercio_y_negocios,2
CE,informatica_accesorios,83
CE,instrumentos_musicales,7
CE,libros_interes_general,7
CE,libros_tecnicos,3
CE,maletas_accesorios,23
CE,mercado,4
CE,muebles_cocina_area_servicio_comedor_y_jardin,1
CE,muebles_decoracion,83
CE,muebles_oficina,28
CE,muebles_sala,2
CE,musica,1
CE,papeleria,36
CE,pcs,6
CE,perfumeria,55
CE,tienda_mascotas,13
CE,relojes_regalos,133
CE,tablets_impresion_imagen,1
CE,telefonia,92
CE,telefonia_fija,4
CE,utensilios_domesticos,56
DF,alimentos,8
DF,alimentos_bebidas,4
DF,artes,6
DF,artes_y_artesania,1
DF,articulos_fiesta,1
DF,articulos_navidenos,8
DF,audio,15
DF,automotriz,104
DF,bebes,63
DF,bebidas,5
DF,belleza_salud,225
DF,juguetes,89
DF,cama_mesa_bano,192
DF,casa_conforto,7
DF,casa_construccion,7
DF,cine_foto,1
DF,climatizacion,3
DF,consolas_juegos,23
DF,construccion_herramientas_construccion,6
DF,construccion_herramientas_iluminacion,3
DF,construccion_herramientas_jardin,5
DF,construccion_herramientas_seguridad,3
DF,cosas_geniales,71
DF,dvds_blu_ray,3
DF,electrodomesticos,13
DF,electrodomesticos_2,4
DF,electronicos,47
DF,electroportatiles,22
DF,deporte_ocio,207
DF,moda_bolsas_y_accesorios,39
DF,moda_calzado,6
DF,moda_ropa_femenina,1
DF,moda_ropa_interior_y_playa,2
DF,herramientas_jardin,58
DF,industria_comercio_y_negocios,6
DF,informatica_accesorios,141
DF,instrumentos_musicales,9
DF,libros_interes_general,16
DF,libros_tecnicos,5
DF,maletas_accesorios,22
DF,mercado,4
DF,muebles_colchon_y_tapizado,1
DF,muebles_cocina_area_servicio_comedor_y_jardin,4
DF,muebles_decoracion,139
DF,muebles_oficina,15
DF,muebles_dormitorio,1
DF,muebles_sala,7
DF,musica,1
DF,papeleria,42
DF,pcs,6
DF,perfumeria,77
DF,tienda_mascotas,36
DF,portatiles_casa_horno_y_cafe,1
DF,relojes_regalos,130
DF,seguros_y_servicios,1
DF,senalizacion_y_seguridad,2
DF,telefonia,82
DF,telefonia_fija,2
DF,utensilios_domesticos,144
ES,agro_industria_y_comercio,2
ES,alimentos,13
ES,alimentos_bebidas,7
ES,artes,1
ES,articulos_fiesta,2
ES,articulos_navidenos,2
ES,audio,14
ES,automotriz,84
ES,bebes,61
ES,bebidas,3
ES,belleza_salud,163
ES,juguetes,96
ES,cama_mesa_bano,221
ES,casa_conforto,11
ES,casa_conforto_2,1
ES,casa_construccion,15
ES,cine_foto,1
ES,climatizacion,6
ES,consolas_juegos,20
ES,construccion_herramientas_construccion,12
ES,construccion_herramientas_herramientas,4
ES,construccion_herramientas_iluminacion,9
ES,construccion_herramientas_jardin,5
ES,cosas_geniales,66
ES,electrodomesticos,15
ES,electrodomesticos_2,3
ES,electronicos,76
ES,electroportatiles,3
ES,deporte_ocio,173
ES,moda_bolsas_y_accesorios,48
ES,moda_calzado,5
ES,moda_ropa_femenina,1
ES,moda_ropa_masculina,3
ES,moda_ropa_interior_y_playa,1
ES,herramientas_jardin,102
ES,flores,2
ES,industria_comercio_y_negocios,2
ES,informatica_accesorios,150
ES,instrumentos_musicales,21
ES,libros_interes_general,11
ES,libros_tecnicos,14
ES,maletas_accesorios,16
ES,mercado,7
ES,muebles_cocina_area_servicio_comedor_y_jardin,1
ES,muebles_decoracion,144
ES,muebles_oficina,30
ES,muebles_dormitorio,1
ES,muebles_sala,13
ES,papeleria,50
ES,pcs,3
ES,perfumeria,67
ES,tienda_mascotas,26
ES,relojes_regalos,149
ES,senalizacion_y_seguridad,6
ES,tablets_impresion_imagen,4
ES,telefonia,114
ES,telefonia_fija,9
ES,utensilios_domesticos,112
GO,agro_industria_y_comercio,5
GO,alimentos,6
GO,artes,3
GO,articulos_fiesta,2
GO,articulos_navidenos,3
GO,audio,7
GO,automotriz,96
GO,bebes,52
GO,bebidas,7
GO,belleza_salud,226
GO,juguetes,81
GO,cama_mesa_bano,231
GO,casa_conforto,8
GO,casa_conforto_2,5
GO,casa_construccion,13
GO,cine_foto,1
GO,climatizacion,7
GO,consolas_juegos,22
GO,construccion_herramientas_construccion,11
GO,construccion_herramientas_herramientas,7
GO,construccion_herramientas_iluminacion,5
GO,construccion_herramientas_jardin,5
GO,construccion_herramientas_seguridad,7
GO,cosas_geniales,93
GO,dvds_blu_ray,1
GO,electrodomesticos,12
GO,electrodomesticos_2,3
GO,electronicos,33
GO,electroportatiles,10
GO,deporte_ocio,163
GO,moda_bolsas_y_accesorios,44
GO,moda_calzado,7
GO,moda_ropa_femenina,2
GO,moda_ropa_masculina,3
GO,moda_ropa_interior_y_playa,5
GO,herramientas_jardin,117
GO,flores,1
GO,industria_comercio_y_negocios,7
GO,informatica_accesorios,123
GO,instrumentos_musicales,9
GO,la_cocina,1
GO,libros_interes_general,14
GO,libros_tecnicos,3
GO,maletas_accesorios,12
GO,mercado,12
GO,muebles_colchon_y_tapizado,1
GO,muebles_cocina_area_servicio_comedor_y_jardin,4
GO,muebles_decoracion,123
GO,muebles_oficina,22
GO,muebles_dormitorio,1
GO,muebles_sala,10
GO,musica,1
GO,papeleria,48
GO,pcs,5
GO,perfumeria,87
GO,tienda_mascotas,27
GO,relojes_regalos,142
GO,senalizacion_y_seguridad,5
GO,tablets_impresion_imagen,1
GO,telefonia,120
GO,telefonia_fija,6
GO,utensilios_domesticos,129
MA,alimentos_bebidas,2
MA,articulos_navidenos,1
MA,audio,3
MA,automotriz,39
MA,bebes,26
MA,belleza_salud,88
MA,juguetes,22
MA,cama_mesa_bano,36
MA,casa_conforto,2
MA,casa_construccion,5
MA,cds_dvds_musicales,1
MA,cine_foto,1
MA,climatizacion,1
MA,consolas_juegos,6
MA,construccion_herramientas_construccion,1
MA,construccion_herramientas_iluminacion,1
MA,cosas_geniales,32
MA,electrodomesticos,3
MA,electronicos,13
MA,electroportatiles,2
MA,deporte_ocio,65
MA,moda_bolsas_y_accesorios,25
MA,moda_calzado,1
MA,moda_deporte,1
MA,moda_ropa_masculina,1
MA,herramientas_jardin,23
MA,industria_comercio_y_negocios,1
MA,informatica_accesorios,67
MA,instrumentos_musicales,10
MA,libros_importados,1
MA,libros_interes_general,3
MA,libros_tecnicos,3
MA,maletas_accesorios,9
MA,mercado,9
MA,muebles_decoracion,45
MA,muebles_oficina,23
MA,muebles_sala,4
MA,papeleria,20
MA,pcs,5
MA,perfumeria,29
MA,tienda_mascotas,10
MA,relojes_regalos,58
MA,tablets_impresion_imagen,1
MA,telefonia,64
MA,telefonia_fija,1
MA,utensilios_domesticos,24
MG,agro_industria_y_comercio,21
MG,alimentos,37
MG,alimentos_bebidas,26
MG,artes,18
MG,artes_y_artesania,6
MG,articulos_fiesta,5
MG,articulos_navidenos,18
MG,audio,34
MG,automotriz,499
MG,bebes,366
MG,bebidas,25
MG,belleza_salud,1064
MG,juguetes,487
MG,cama_mesa_bano,1321
MG,casa_conforto,57
MG,casa_conforto_2,3
MG,casa_construccion,63
MG,cine_foto,5
MG,climatizacion,20
MG,consolas_juegos,130
MG,construccion_herramientas_construccion,120
MG,construccion_herramientas_herramientas,18
MG,construccion_herramientas_iluminacion,41
MG,construccion_herramientas_jardin,29
MG,construccion_herramientas_seguridad,24
MG,cosas_geniales,454
MG,dvds_blu_ray,4
MG,electrodomesticos,85
MG,electrodomesticos_2,19
MG,electronicos,295
MG,electroportatiles,64
MG,deporte_ocio,943
MG,moda_bolsas_y_accesorios,259
MG,moda_calzado,43
MG,moda_deporte,2
MG,moda_ropa_femenina,7
MG,moda_ropa_masculina,20
MG,moda_ropa_interior_y_playa,18
MG,herramientas_jardin,601
MG,flores,5
MG,panales_higiene,1
MG,industria_comercio_y_negocios,17
MG,informatica_accesorios,981
MG,instrumentos_musicales,77
MG,la_cocina,2
MG,libros_importados,6
MG,libros_interes_general,54
MG,libros_tecnicos,29
MG,maletas_accesorios,182
MG,mercado,33
MG,muebles_colchon_y_tapizado,3
MG,muebles_cocina_area_servicio_comedor_y_jardin,29
MG,muebles_decoracion,936
MG,muebles_oficina,167
MG,muebles_dormitorio,6
MG,muebles_sala,47
MG,musica,6
MG,papeleria,269
MG,pc_gamer,1
MG,pcs,19
MG,perfumeria,395
MG,tienda_mascotas,250
MG,portatiles_casa_horno_y_cafe,10
MG,portatiles_cocina_y_preparadores_de_alimentos,2
MG,relojes_regalos,625
MG,senalizacion_y_seguridad,11
MG,tablets_impresion_imagen,10
MG,telefonia,474
MG,telefonia_fija,17
MG,utensilios_domesticos,814
MS,agro_industria_y_comercio,3
MS,alimentos,4
MS,alimentos_bebidas,1
MS,artes,1
MS,articulos_navidenos,2
MS,audio,1
MS,automotriz,26
MS,bebes,31
MS,bebidas,4
MS,belleza_salud,64
MS,juguetes,34
MS,cama_mesa_bano,64
MS,casa_conforto,1
MS,casa_construccion,7
MS,consolas_juegos,6
MS,construccion_herramientas_construccion,14
MS,construccion_herramientas_herramientas,1
MS,construccion_herramientas_iluminacion,9
MS,construccion_herramientas_jardin,2
MS,construccion_herramientas_seguridad,2
MS,cosas_geniales,25
MS,dvds_blu_ray,3
MS,electrodomesticos,6
MS,electrodomesticos_2,4
MS,electronicos,22
MS,electroportatiles,6
MS,deporte_ocio,74
MS,moda_bolsas_y_accesorios,14
MS,moda_calzado,4
MS,moda_ropa_interior_y_playa,3
MS,herramientas_jardin,22
MS,flores,1
MS,industria_comercio_y_negocios,1
MS,informatica_accesorios,62
MS,instrumentos_musicales,7
MS,libros_interes_general,2
MS,libros_tecnicos,4
MS,maletas_accesorios,9
MS,mercado,2
MS,muebles_decoracion,65
MS,muebles_oficina,4
MS,muebles_dormitorio,1
MS,muebles_sala,3
MS,papeleria,22
MS,pcs,1
MS,perfumeria,24
MS,tienda_mascotas,25
MS,portatiles_casa_horno_y_cafe,1
MS,relojes_regalos,37
MS,senalizacion_y_seguridad,1
MS,tablets_impresion_imagen,2
MS,telefonia,28
MS,telefonia_fija,1
MS,utensilios_domesticos,39
MT,agro_industria_y_comercio,2
MT,alimentos,7
MT,artes,1
MT,articulos_navidenos,1
MT,audio,4
MT,automotriz,54
MT,bebes,33
MT,bebidas,1
MT,belleza_salud,89
MT,juguetes,44
MT,cama_mesa_bano,70
MT,casa_conforto,4
MT,casa_construccion,7
MT,cine_foto,1
MT,climatizacion,5
MT,consolas_juegos,9
MT,construccion_herramientas_construccion,7
MT,construccion_herramientas_herramientas,1
MT,construccion_herramientas_iluminacion,3
MT,construccion_herramientas_seguridad,4
MT,cosas_geniales,45
MT,electrodomesticos,8
MT,electrodomesticos_2,2
MT,electronicos,26
MT,electroportatiles,8
MT,deporte_ocio,73
MT,moda_bolsas_y_accesorios,13
MT,moda_calzado,3
MT,moda_ropa_femenina,1
MT,moda_ropa_masculina,1
MT,herramientas_jardin,48
MT,industria_comercio_y_negocios,3
MT,informatica_accesorios,55
MT,instrumentos_musicales,6
MT,libros_interes_general,2
MT,libros_tecnicos,5
MT,maletas_accesorios,8
MT,mercado,5
MT,muebles_cocina_area_servicio_comedor_y_jardin,3
MT,muebles_decoracion,75
MT,muebles_oficina,20
MT,muebles_dormitorio,2
MT,muebles_sala,3
MT,papeleria,28
MT,pcs,2
MT,perfumeria,30
MT,tienda_mascotas,15
MT,portatiles_casa_horno_y_cafe,1
MT,relojes_regalos,61
MT,senalizacion_y_seguridad,6
MT,tablets_impresion_imagen,2
MT,telefonia,63
MT,utensilios_domesticos,52
PA,agro_industria_y_comercio,2
PA,alimentos_bebidas,1
PA,artes,2
PA,articulos_navidenos,6
PA,audio,1
PA,automotriz,49
PA,bebes,44
PA,bebidas,1
PA,belleza_salud,105
PA,juguetes,27
PA,cama_mesa_bano,37
PA,casa_construccion,2
PA,cine_foto,3
PA,consolas_juegos,14
PA,construccion_herramientas_construccion,2
PA,construccion_herramientas_herramientas,1
PA,construccion_herramientas_iluminacion,1
PA,construccion_herramientas_jardin,1
PA,cosas_geniales,45
PA,electrodomesticos,9
PA,electronicos,28
PA,electroportatiles,9
PA,deporte_ocio,81
PA,moda_bolsas_y_accesorios,31
PA,moda_calzado,4
PA,moda_deporte,4
PA,moda_ropa_masculina,2
PA,moda_ropa_interior_y_playa,3
PA,herramientas_jardin,37
PA,informatica_accesorios,86
PA,instrumentos_musicales,10
PA,libros_importados,2
PA,libros_interes_general,5
PA,libros_tecnicos,2
PA,maletas_accesorios,7
PA,mercado,5
PA,muebles_cocina_area_servicio_comedor_y_jardin,1
PA,muebles_decoracion,69
PA,muebles_oficina,26
PA,muebles_sala,1
PA,papeleria,22
PA,pcs,4
PA,perfumeria,35
PA,tienda_mascotas,11
PA,portatiles_cocina_y_preparadores_de_alimentos,1
PA,relojes_regalos,73
PA,senalizacion_y_seguridad,3
PA,tablets_impresion_imagen,4
PA,telefonia,77
PA,telefonia_fija,1
PA,utensilios_domesticos,37
PB,agro_industria_y_comercio,1
PB,alimentos,2
PB,artes,1
PB,audio,1
PB,automotriz,22
PB,bebes,12
PB,belleza_salud,75
PB,juguetes,16
PB,cama_mesa_bano,32
PB,casa_conforto,1
PB,casa_construccion,5
PB,climatizacion,1
PB,consolas_juegos,7
PB,construccion_herramientas_construccion,1
PB,construccion_herramientas_herramientas,1
PB,construccion_herramientas_jardin,1
PB,construccion_herramientas_seguridad,8
PB,cosas_geniales,25
PB,electrodomesticos,2
PB,electronicos,13
PB,electroportatiles,4
PB,deporte_ocio,31
PB,moda_bolsas_y_accesorios,14
PB,moda_calzado,2
PB,moda_ropa_femenina,2
PB,herramientas_jardin,14
PB,panales_higiene,1
PB,industria_comercio_y_negocios,3
PB,informatica_accesorios,53
PB,instrumentos_musicales,4
PB,libros_interes_general,5
PB,maletas_accesorios,7
PB,mercado,3
PB,muebles_cocina_area_servicio_comedor_y_jardin,1
PB,muebles_decoracion,42
PB,muebles_oficina,10
PB,muebles_sala,3
PB,papeleria,18
PB,pcs,4
PB,perfumeria,18
PB,tienda_mascotas,8
PB,relojes_regalos,41
PB,senalizacion_y_seguridad,6
PB,telefonia,26
PB,telefonia_fija,5
PB,utensilios_domesticos,23
PE,agro_industria_y_comercio,5
PE,alimentos,8
PE,alimentos_bebidas,5
PE,artes,1
PE,articulos_navidenos,4
PE,audio,4
PE,automotriz,79
PE,bebes,41
PE,belleza_salud,233
PE,juguetes,61
PE,cama_mesa_bano,90
PE,casa_conforto,8
PE,casa_construccion,7
PE,cine_foto,1
PE,climatizacion,1
PE,consolas_juegos,19
PE,construccion_herramientas_construccion,12
PE,construccion_herramientas_herramientas,1
PE,construccion_herramientas_iluminacion,2
PE,construccion_herramientas_jardin,6
PE,construccion_herramientas_seguridad,3
PE,cosas_geniales,78
PE,dvds_blu_ray,2
PE,electrodomesticos,5
PE,electrodomesticos_2,2
PE,electronicos,38
PE,electroportatiles,3
PE,deporte_ocio,140
PE,moda_bolsas_y_accesorios,33
PE,moda_calzado,10
PE,moda_ropa_interior_y_playa,2
PE,herramientas_jardin,64
PE,flores,2
PE,industria_comercio_y_negocios,2
PE,informatica_accesorios,106
PE,instrumentos_musicales,11
PE,libros_interes_general,7
PE,libros_tecnicos,4
PE,maletas_accesorios,13
PE,mercado,4
PE,muebles_cocina_area_servicio_comedor_y_jardin,4
PE,muebles_decoracion,93
PE,muebles_oficina,20
PE,muebles_sala,3
PE,papeleria,47
PE,pc_gamer,1
PE,pcs,9
PE,perfumeria,48
PE,tienda_mascotas,23
PE,portatiles_casa_horno_y_cafe,1
PE,relojes_regalos,163
PE,senalizacion_y_seguridad,2
PE,tablets_impresion_imagen,2
PE,telefonia,125
PE,telefonia_fija,3
PE,utensilios_domesticos,58
PI,agro_industria_y_comercio,3
PI,alimentos,1
PI,alimentos_bebidas,1
PI,artes,2
PI,articulos_fiesta,1
PI,audio,4
PI,automotriz,33
PI,bebes,11
PI,bebidas,1
PI,belleza_salud,53
PI,juguetes,28
PI,cama_mesa_bano,34
PI,casa_conforto,3
PI,casa_construccion,4
PI,climatizacion,3
PI,consolas_juegos,8
PI,construccion_herramientas_iluminacion,1
PI,construccion_herramientas_jardin,4
PI,cosas_geniales,20
PI,dvds_blu_ray,1
PI,electrodomesticos,4
PI,electrodomesticos_2,1
PI,electronicos,21
PI,deporte_ocio,33
PI,moda_bolsas_y_accesorios,4
PI,moda_calzado,1
PI,moda_ropa_interior_y_playa,1
PI,herramientas_jardin,15
PI,industria_comercio_y_negocios,3
PI,informatica_accesorios,35
PI,instrumentos_musicales,6
PI,libros_interes_general,1
PI,libros_tecnicos,2
PI,maletas_accesorios,5
PI,mercado,2
PI,muebles_decoracion,19
PI,muebles_oficina,8
PI,muebles_sala,2
PI,papeleria,10
PI,pcs,3
PI,perfumeria,15
PI,tienda_mascotas,7
PI,relojes_regalos,40
PI,tablets_impresion_imagen,3
PI,telefonia,35
PI,telefonia_fija,2
PI,utensilios_domesticos,19
PR,agro_industria_y_comercio,12
PR,alimentos,27
PR,alimentos_bebidas,16
PR,artes,8
PR,articulos_fiesta,2
PR,articulos_navidenos,6
PR,audio,18
PR,automotriz,227
PR,bebes,158
PR,bebidas,15
PR,belleza_salud,412
PR,juguetes,201
PR,cama_mesa_bano,463
PR,casa_conforto,13
PR,casa_conforto_2,1
PR,casa_construccion,24
PR,cine_foto,2
PR,climatizacion,12
PR,consolas_juegos,44
PR,construccion_herramientas_construccion,51
PR,construccion_herramientas_herramientas,8
PR,construccion_herramientas_iluminacion,13
PR,construccion_herramientas_jardin,6
PR,construccion_herramientas_seguridad,18
PR,cosas_geniales,214
PR,dvds_blu_ray,5
PR,electrodomesticos,44
PR,electrodomesticos_2,15
PR,electronicos,177
PR,electroportatiles,41
PR,deporte_ocio,475
PR,moda_bolsas_y_accesorios,118
PR,moda_calzado,18
PR,moda_deporte,1
PR,moda_ropa_femenina,2
PR,moda_ropa_masculina,12
PR,moda_ropa_interior_y_playa,6
PR,herramientas_jardin,207
PR,panales_higiene,2
PR,industria_comercio_y_negocios,11
PR,informatica_accesorios,382
PR,instrumentos_musicales,36
PR,libros_importados,2
PR,libros_interes_general,35
PR,libros_tecnicos,15
PR,maletas_accesorios,50
PR,mercado,15
PR,muebles_cocina_area_servicio_comedor_y_jardin,14
PR,muebles_decoracion,514
PR,muebles_oficina,88
PR,muebles_dormitorio,7
PR,muebles_sala,16
PR,musica,7
PR,papeleria,126
PR,pcs,4
PR,perfumeria,152
PR,tienda_mascotas,89
PR,portatiles_casa_horno_y_cafe,8
PR,relojes_regalos,299
PR,senalizacion_y_seguridad,3
PR,tablets_impresion_imagen,3
PR,telefonia,250
PR,telefonia_fija,6
PR,utensilios_domesticos,336
RJ,agro_industria_y_comercio,27
RJ,alimentos,47
RJ,alimentos_bebidas,50
RJ,artes,32
RJ,articulos_fiesta,6
RJ,articulos_navidenos,14
RJ,audio,58
RJ,automotriz,430
RJ,bebes,347
RJ,bebidas,53
RJ,belleza_salud,1027
RJ,juguetes,570
RJ,cama_mesa_bano,1603
RJ,casa_conforto,61
RJ,casa_conforto_2,4
RJ,casa_construccion,71
RJ,cds_dvds_musicales,2
RJ,cine_foto,5
RJ,climatizacion,67
RJ,consolas_juegos,136
RJ,construccion_herramientas_construccion,119
RJ,construccion_herramientas_herramientas,9
RJ,construccion_herramientas_iluminacion,21
RJ,construccion_herramientas_jardin,38
RJ,construccion_herramientas_seguridad,17
RJ,cosas_geniales,502
RJ,dvds_blu_ray,12
RJ,electrodomesticos,79
RJ,electrodomesticos_2,45
RJ,electronicos,429
RJ,electroportatiles,85
RJ,deporte_ocio,1015
RJ,moda_bolsas_y_accesorios,199
RJ,moda_calzado,28
RJ,moda_deporte,2
RJ,moda_ropa_femenina,1
RJ,moda_ropa_infantil_juvenil,1
RJ,moda_ropa_masculina,10
RJ,moda_ropa_interior_y_playa,17
RJ,herramientas_jardin,634
RJ,flores,8
RJ,panales_higiene,2
RJ,industria_comercio_y_negocios,27
RJ,informatica_accesorios,975
RJ,instrumentos_musicales,77
RJ,libros_importados,5
RJ,libros_interes_general,50
RJ,libros_tecnicos,29
RJ,maletas_accesorios,119
RJ,mercado,34
RJ,muebles_colchon_y_tapizado,8
RJ,muebles_cocina_area_servicio_comedor_y_jardin,46
RJ,muebles_decoracion,1056
RJ,muebles_oficina,299
RJ,muebles_dormitorio,19
RJ,muebles_sala,115
RJ,musica,8
RJ,papeleria,318
RJ,pc_gamer,2
RJ,pcs,21
RJ,perfumeria,440
RJ,tienda_mascotas,211
RJ,portatiles_casa_horno_y_cafe,6
RJ,portatiles_cocina_y_preparadores_de_alimentos,1
RJ,relojes_regalos,846
RJ,senalizacion_y_seguridad,19
RJ,tablets_impresion_imagen,10
RJ,telefonia,419
RJ,telefonia_fija,33
RJ,utensilios_domesticos,845
RN,alimentos,2
RN,alimentos_bebidas,4
RN,artes,1
RN,articulos_navidenos,1
RN,audio,1
RN,automotriz,19
RN,bebes,15
RN,belleza_salud,57
RN,juguetes,25
RN,cama_mesa_bano,30
RN,casa_conforto,1
RN,casa_construccion,1
RN,consolas_juegos,6
RN,construccion_herramientas_construccion,8
RN,construccion_herramientas_jardin,3
RN,construccion_herramientas_seguridad,1
RN,cosas_geniales,21
RN,dvds_blu_ray,1
RN,electrodomesticos,2
RN,electrodomesticos_2,2
RN,electronicos,12
RN,electroportatiles,3
RN,deporte_ocio,22
RN,moda_bolsas_y_accesorios,7
RN,moda_calzado,1
RN,herramientas_jardin,18
RN,industria_comercio_y_negocios,1
RN,informatica_accesorios,31
RN,instrumentos_musicales,2
RN,libros_interes_general,27
RN,libros_tecnicos,1
RN,maletas_accesorios,1
RN,mercado,2
RN,muebles_colchon_y_tapizado,1
RN,muebles_cocina_area_servicio_comedor_y_jardin,2
RN,muebles_decoracion,29
RN,muebles_oficina,5
RN,muebles_dormitorio,3
RN,papeleria,13
RN,perfumeria,20
RN,tienda_mascotas,13
RN,relojes_regalos,48
RN,senalizacion_y_seguridad,1
RN,telefonia,24
RN,utensilios_domesticos,25
RO,agro_industria_y_comercio,4
RO,alimentos,1
RO,artes,2
RO,articulos_navidenos,2
RO,automotriz,10
RO,bebes,10
RO,belleza_salud,25
RO,juguetes,15
RO,cama_mesa_bano,14
RO,casa_conforto,1
RO,consolas_juegos,1
RO,construccion_herramientas_construccion,4
RO,construccion_herramientas_jardin,2
RO,construccion_herramientas_seguridad,1
RO,cosas_geniales,13
RO,dvds_blu_ray,1
RO,electrodomesticos,2
RO,electronicos,6
RO,electroportatiles,1
RO,deporte_ocio,19
RO,moda_bolsas_y_accesorios,9
RO,moda_calzado,1
RO,herramientas_jardin,6
RO,industria_comercio_y_negocios,1
RO,informatica_accesorios,23
RO,instrumentos_musicales,1
RO,libros_interes_general,1
RO,maletas_accesorios,6
RO,mercado,1
RO,muebles_decoracion,13
RO,muebles_oficina,6
RO,muebles_sala,1
RO,papeleria,8
RO,pcs,2
RO,perfumeria,6
RO,tienda_mascotas,8
RO,portatiles_casa_horno_y_cafe,1
RO,relojes_regalos,14
RO,seguros_y_servicios,1
RO,telefonia,17
RO,utensilios_domesticos,5
RR,automotriz,1
RR,bebes,1
RR,belleza_salud,6
RR,cama_mesa_bano,3
RR,cosas_geniales,2
RR,electrodomesticos,3
RR,electronicos,2
RR,deporte_ocio,8
RR,herramientas_jardin,2
RR,informatica_accesorios,4
RR,muebles_decoracion,4
RR,muebles_oficina,1
RR,papeleria,1
RR,perfumeria,1
RR,relojes_regalos,1
RR,telefonia,4
RS,agro_industria_y_comercio,9
RS,alimentos,12
RS,alimentos_bebidas,6
RS,artes,8
RS,articulos_fiesta,4
RS,articulos_navidenos,6
RS,audio,16
RS,automotriz,184
RS,bebes,206
RS,bebidas,17
RS,belleza_salud,426
RS,juguetes,208
RS,cama_mesa_bano,611
RS,casa_conforto,21
RS,casa_conforto_2,1
RS,casa_construccion,43
RS,cds_dvds_musicales,5
RS,cine_foto,12
RS,climatizacion,13
RS,consolas_juegos,58
RS,construccion_herramientas_construccion,43
RS,construccion_herramientas_herramientas,8
RS,construccion_herramientas_iluminacion,24
RS,construccion_herramientas_jardin,6
RS,construccion_herramientas_seguridad,6
RS,cosas_geniales,259
RS,dvds_blu_ray,4
RS,electrodomesticos,43
RS,electrodomesticos_2,12
RS,electronicos,165
RS,electroportatiles,45
RS,deporte_ocio,467
RS,moda_bolsas_y_accesorios,80
RS,moda_calzado,10
RS,moda_deporte,1
RS,moda_ropa_masculina,8
RS,moda_ropa_interior_y_playa,3
RS,herramientas_jardin,281
RS,flores,3
RS,industria_comercio_y_negocios,23
RS,informatica_accesorios,481
RS,instrumentos_musicales,31
RS,la_cocina,3
RS,libros_importados,2
RS,libros_interes_general,28
RS,libros_tecnicos,12
RS,maletas_accesorios,55
RS,mercado,21
RS,muebles_cocina_area_servicio_comedor_y_jardin,13
RS,muebles_decoracion,555
RS,muebles_oficina,66
RS,muebles_dormitorio,1
RS,muebles_sala,24
RS,musica,1
RS,papeleria,146
RS,pc_gamer,1
RS,pcs,8
RS,perfumeria,151
RS,tienda_mascotas,97
RS,portatiles_casa_horno_y_cafe,3
RS,portatiles_cocina_y_preparadores_de_alimentos,1
RS,relojes_regalos,230
RS,senalizacion_y_seguridad,17
RS,tablets_impresion_imagen,1
RS,telefonia,283
RS,telefonia_fija,19
RS,utensilios_domesticos,429
SC,agro_industria_y_comercio,3
SC,alimentos,16
SC,alimentos_bebidas,3
SC,artes,6
SC,artes_y_artesania,1
SC,articulos_fiesta,2
SC,articulos_navidenos,13
SC,audio,10
SC,automotriz,178
SC,bebes,113
SC,bebidas,14
SC,belleza_salud,304
SC,juguetes,118
SC,cama_mesa_bano,326
SC,casa_conforto,11
SC,casa_construccion,25
SC,cine_foto,4
SC,climatizacion,4
SC,consolas_juegos,34
SC,construccion_herramientas_construccion,30
SC,construccion_herramientas_herramientas,5
SC,construccion_herramientas_iluminacion,16
SC,construccion_herramientas_jardin,5
SC,construccion_herramientas_seguridad,13
SC,cosas_geniales,159
SC,dvds_blu_ray,2
SC,electrodomesticos,25
SC,electrodomesticos_2,16
SC,electronicos,123
SC,electroportatiles,27
SC,deporte_ocio,356
SC,moda_bolsas_y_accesorios,77
SC,moda_calzado,7
SC,moda_deporte,3
SC,moda_ropa_femenina,1
SC,moda_ropa_infantil_juvenil,1
SC,moda_ropa_masculina,2
SC,moda_ropa_interior_y_playa,8
SC,herramientas_jardin,183
SC,industria_comercio_y_negocios,16
SC,informatica_accesorios,309
SC,instrumentos_musicales,25
SC,la_cocina,2
SC,libros_importados,1
SC,libros_interes_general,23
SC,libros_tecnicos,9
SC,maletas_accesorios,34
SC,mercado,14
SC,muebles_colchon_y_tapizado,2
SC,muebles_cocina_area_servicio_comedor_y_jardin,7
SC,muebles_decoracion,347
SC,muebles_oficina,60
SC,muebles_dormitorio,3
SC,muebles_sala,12
SC,papeleria,93
SC,pcs,5
SC,perfumeria,116
SC,tienda_mascotas,85
SC,portatiles_casa_horno_y_cafe,4
SC,relojes_regalos,184
SC,senalizacion_y_seguridad,10
SC,telefonia,169
SC,telefonia_fija,7
SC,utensilios_domesticos,257
SE,alimentos,1
SE,alimentos_bebidas,1
SE,automotriz,20
SE,bebes,8
SE,belleza_salud,38
SE,juguetes,11
SE,cama_mesa_bano,15
SE,casa_conforto,1
SE,casa_construccion,3
SE,consolas_juegos,6
SE,construccion_herramientas_construccion,1
SE,construccion_herramientas_iluminacion,1
SE,construccion_herramientas_seguridad,1
SE,cosas_geniales,17
SE,electrodomesticos,1
SE,electrodomesticos_2,1
SE,electronicos,18
SE,electroportatiles,3
SE,deporte_ocio,33
SE,moda_bolsas_y_accesorios,7
SE,herramientas_jardin,27
SE,industria_comercio_y_negocios,3
SE,informatica_accesorios,36
SE,instrumentos_musicales,3
SE,libros_importados,1
SE,libros_interes_general,1
SE,maletas_accesorios,3
SE,mercado,3
SE,muebles_decoracion,25
SE,muebles_oficina,3
SE,muebles_dormitorio,2
SE,muebles_sala,3
SE,papeleria,3
SE,pcs,1
SE,perfumeria,7
SE,tienda_mascotas,3
SE,relojes_regalos,20
SE,senalizacion_y_seguridad,2
SE,telefonia,27
SE,telefonia_fija,2
SE,utensilios_domesticos,10
SP,agro_industria_y_comercio,94
SP,alimentos,283
SP,alimentos_bebidas,129
SP,artes,91
SP,artes_y_artesania,16
SP,articulos_fiesta,17
SP,articulos_navidenos,50
SP,audio,144
SP,automotriz,1712
SP,bebes,1228
SP,bebidas,205
SP,belleza_salud,4124
SP,juguetes,1671
SP,cama_mesa_bano,5157
SP,casa_conforto,201
SP,casa_conforto_2,14
SP,casa_construccion,264
SP,cds_dvds_musicales,6
SP,cine_foto,30
SP,climatizacion,136
SP,consolas_juegos,472
SP,construccion_herramientas_construccion,422
SP,construccion_herramientas_herramientas,33
SP,construccion_herramientas_iluminacion,141
SP,construccion_herramientas_jardin,96
SP,construccion_herramientas_seguridad,64
SP,cosas_geniales,1339
SP,dvds_blu_ray,21
SP,electrodomesticos,341
SP,electrodomesticos_2,87
SP,electronicos,994
SP,electroportatiles,296
SP,deporte_ocio,3576
SP,moda_bolsas_y_accesorios,841
SP,moda_calzado,89
SP,moda_deporte,12
SP,moda_ropa_femenina,26
SP,moda_ropa_infantil_juvenil,4
SP,moda_ropa_masculina,54
SP,moda_ropa_interior_y_playa,53
SP,herramientas_jardin,1531
SP,flores,11
SP,panales_higiene,30
SP,industria_comercio_y_negocios,127
SP,informatica_accesorios,3098
SP,instrumentos_musicales,260
SP,la_cocina,6
SP,libros_importados,36
SP,libros_interes_general,223
SP,libros_tecnicos,111
SP,maletas_accesorios,450
SP,mercado,115
SP,muebles_colchon_y_tapizado,21
SP,muebles_cocina_area_servicio_comedor_y_jardin,137
SP,muebles_decoracion,3452
SP,muebles_oficina,655
SP,muebles_dormitorio,52
SP,muebles_sala,200
SP,musica,12
SP,papeleria,1044
SP,pc_gamer,3
SP,pcs,59
SP,perfumeria,1443
SP,tienda_mascotas,889
SP,portatiles_casa_horno_y_cafe,33
SP,portatiles_cocina_y_preparadores_de_alimentos,8
SP,relojes_regalos,2231
SP,senalizacion_y_seguridad,94
SP,tablets_impresion_imagen,32
SP,telefonia,1612
SP,telefonia_fija,111
SP,utensilios_domesticos,3184
TO,audio,1
TO,automotriz,16
TO,bebes,7
TO,belleza_salud,35
TO,juguetes,13
TO,cama_mesa_bano,10
TO,casa_conforto,1
TO,casa_construccion,1
TO,consolas_juegos,4
TO,construccion_herramientas_iluminacion,2
TO,cosas_geniales,16
TO,electrodomesticos,1
TO,electrodomesticos_2,3
TO,electronicos,7
TO,deporte_ocio,25
TO,moda_bolsas_y_accesorios,8
TO,moda_calzado,1
TO,herramientas_jardin,13
TO,industria_comercio_y_negocios,1
TO,informatica_accesorios,20
TO,instrumentos_musicales,1
TO,libros_interes_general,1
TO,libros_tecnicos,2
TO,maletas_accesorios,2
TO,mercado,1
TO,muebles_cocina_area_servicio_comedor_y_jardin,1
TO,muebles_decoracion,17
TO,muebles_oficina,6
TO,muebles_sala,2
TO,papeleria,3
TO,pcs,1
TO,perfumeria,13
TO,tienda_mascotas,4
TO,portatiles_casa_horno_y_cafe,1
TO,relojes_regalos,29
TO,telefonia,21
TO,telefonia_fija,2
TO,utensilios_domesticos,13
