seller_id,won_date,business_segment,lead_type,business_type
2c43fb513632d29b3b58df74816f1b06,2018-02-26 19:58:54,pet,online_medium,reseller
bbb7d7893a450660432ea6652310ebb7,2018-05-08 20:17:59,car_accessories,industry,reseller
612170e34b97004b3ba37eae81836b4c,2018-06-05 17:27:23,home_appliances,online_big,reseller
21e1781e36faf92725dde4730a88ca0f,2018-01-17 13:51:03,food_drink,online_small,reseller
ed8cb7b190ceb6067227478e48cf8dde,2018-07-03 20:17:45,home_appliances,industry,manufacturer
1c742ac33582852aaf3bcfbf5893abcf,2018-02-07 18:04:05,health_beauty,online_medium,manufacturer
92d7568ad0c5c76fd7d341b2d46f24d6,2018-04-16 18:18:22,computers,online_medium,reseller
44ed138eca6214d572ce1d813fb0049b,2018-04-17 17:01:57,health_beauty,offline,manufacturer
0b28859cd04d23edefee9c591fb03cd8,2018-05-14 18:37:15,household_utilities,offline,reseller
87d73636a3acf123e842bb890a4db036,2018-04-24 03:00:00,household_utilities,online_medium,manufacturer
f7a0d94e966c5665355a182d5b199fcf,2018-02-28 19:42:14,construction_tools_house_garden,online_medium,reseller
b566ab0ef88016e00422755e305103c6,2018-02-23 13:54:40,construction_tools_house_garden,online_big,reseller
2d2322d842118867781fc737e96d59a1,2018-05-22 13:24:08,household_utilities,online_medium,reseller
e7012030d0fdd1d3ca504f6de7909c35,2018-06-14 14:30:20,toys,online_big,reseller
9e7c5f4d7770eab65738cca38f9efccf,2018-04-10 03:00:00,sports_leisure,online_medium,reseller
6a6b1614baaaf766293c17d8cb8c5a9d,2018-09-10 14:18:01,stationery,industry,reseller
df91910b6a03bb2e3358fa6a35e32f6f,2018-04-10 19:21:54,food_drink,online_medium,manufacturer
92d46311e4fa7583d14c351fdc881af6,2018-01-26 17:23:46,food_supplement,industry,manufacturer
249f0e9905a6e06ad6c6bea7547ab9f6,2018-05-11 19:03:19,home_decor,online_medium,manufacturer
b494891378bd8f4560abe576c52deacd,2018-06-19 14:08:22,health_beauty,online_top,reseller
8c45b4bc4b5c1e2a4e789b4466a39b77,2018-02-07 13:57:02,bed_bath_table,offline,reseller
49f6ca9231352dedda1ad1176ce70531,2018-04-16 13:09:09,health_beauty,online_small,reseller
7d13fca15225358621be4086e1eb0964,2018-02-08 17:20:14,watches,online_big,reseller
efa89b428cbc422ba9313b4fc6feafc7,2018-02-16 12:31:56,fashion_accessories,online_beginner,manufacturer
cb3666965a560e723403683bd378a5f7,2018-02-22 12:40:15,jewerly,online_medium,manufacturer
e819bcfade7b5d88a27325eb6cfd62c5,2018-02-12 13:18:13,home_decor,industry,manufacturer
70c27847eca8195c983ed7e798c56743,2018-02-08 20:57:44,pet,online_small,reseller
556a6409838156ea299c9d1f9e2dde43,2018-04-06 20:52:54,household_utilities,industry,reseller
a4fc6eadaff1576af888509a53420f6a,2018-04-13 12:27:48,computers,online_beginner,reseller
0975b0dd18febd1008391fa53dff0891,2018-04-18 18:02:08,party,online_medium,manufacturer
4fae87d32467e18eb46e4a76a0a0b9ce,2018-07-19 18:06:07,small_appliances,online_medium,reseller
3525be8392a4fa3274c459bcfee41eef,2018-07-04 15:07:27,food_supplement,online_small,reseller
8b181ee5518df84f18f4e1a43fe07923,2018-04-25 03:00:00,health_beauty,online_medium,reseller
d594982fd877af63ace38ea1fca27c76,2018-06-05 17:20:34,audio_video_electronics,industry,reseller
2f1e89e231b096f4ff1f55dfe8607a7b,2018-10-31 16:54:59,computers,online_medium,reseller
90269579385b838ce9bd577dcec278a4,2018-05-30 14:43:50,pet,industry,manufacturer
398cb257329ef7af7f1943a8974a3cbc,2018-03-06 12:25:29,food_drink,online_medium,manufacturer
d65f74c704563bcb8baa915fbf8cfa1e,2018-09-27 12:31:01,health_beauty,online_medium,reseller
26e2c91ef821e1ff8985f408788fe35b,2018-02-06 15:46:14,bed_bath_table,online_beginner,manufacturer
dedcab67899479e4ea5dcc4eba47f587,2018-05-15 18:05:25,car_accessories,online_medium,reseller
ca4b77513ac2040591b0d8fae6958380,2018-06-11 12:40:42,health_beauty,online_medium,reseller
cee3c487c56d29554a22d112af618301,2018-11-14 18:04:19,other,other,other
ae9d6bb89361dff26edbccc7e1c2911d,2018-04-27 14:01:33,fashion_accessories,online_beginner,manufacturer
da3eab58892c04039f4cd5ecb09ae260,2018-03-27 19:14:00,home_decor,offline,manufacturer
6e4a902d1054e4e17aa6eab87fac1c75,2018-06-18 13:58:00,audio_video_electronics,offline,reseller
2d42ebcda99fd55f6f4bc2f1ca035d50,2018-04-11 03:00:00,home_decor,online_big,reseller
04843805947f0fc584fc1969b6e50fe7,2018-04-18 16:50:40,home_decor,online_big,manufacturer
d9d057968270cdb30c14cba606d5dc90,2018-03-29 17:48:42,car_accessories,online_medium,reseller
d4dcd3a31f5f19aea2f258a568517a4f,2018-02-22 13:18:26,food_drink,industry,manufacturer
28760737b4b82d4479ddff8db5e9f71f,2018-02-27 20:04:12,pet,online_medium,manufacturer
0dccb6973ef48a00fbcccfe907181ab0,2018-06-11 12:04:11,food_supplement,online_beginner,reseller
751e274377499a8503fd6243ad9c56f6,2018-07-30 14:34:51,audio_video_electronics,online_big,reseller
93a55b2252867fd7df54c78cbd5c6d95,2018-04-02 14:20:33,construction_tools_house_garden,offline,reseller
1185ae3e5ac0463c854dad54fc8fc9e1,2018-04-13 12:50:35,bags_backpacks,industry,manufacturer
2646baaf662d4d92ac48f047e35db92d,2018-03-23 19:06:54,construction_tools_house_garden,online_medium,reseller
e433f5fd4050e3352b5d83522b7fe24b,2018-04-26 03:00:00,construction_tools_house_garden,online_medium,manufacturer
5cc5fe3c6e303fb7656ee7b0ca21ed58,2018-03-12 13:21:11,jewerly,online_small,reseller
dc64d75cc406bb0697be983831430e60,2018-04-30 21:13:36,audio_video_electronics,online_small,reseller
08d1c9478fb0d7d7fcac9c0da4e82fc7,2018-04-27 13:35:00,home_decor,online_medium,manufacturer
5181ea7b0d346ed14c5c07f0ff22b2b4,2018-09-04 14:15:04,toys,online_big,reseller
ee2fbacc2fc3794e656cc4d933d59ce7,2018-05-18 18:08:22,small_appliances,online_big,reseller
7fc87cc3e89b3d1d5cabdca32f8485aa,2018-02-27 19:19:47,home_office_furniture,offline,manufacturer
eba08391609dfda5c016fdd264f9383b,2018-01-12 16:07:27,home_decor,online_medium,reseller
8b3317388df29d5fa94360a486ad3356,2018-02-26 12:45:46,car_accessories,online_medium,reseller
134285d1f41da5c13a756ee8142c8a4e,2018-04-03 03:00:00,car_accessories,online_big,reseller
e9e446d01bd10a97a8ffcfc4a3a20cb2,2018-04-27 16:11:57,health_beauty,online_medium,reseller
6061155addc1e54b4cfb51c1c2a32ad8,2018-04-27 20:44:40,pet,online_small,reseller
bba8d0c234a52b87b3957037a215d1a4,2018-02-22 21:07:50,home_decor,online_small,manufacturer
044668ccd5316b12a7cf0d54a156e3e9,2018-01-31 21:00:13,food_drink,offline,reseller
fc813dd7e04b8a1c9c10e8e9c10cd5f9,2018-06-25 19:33:44,music_instruments,industry,reseller
922f6795c9e65f2485d4e63af76586ff,2018-09-21 18:18:15,bed_bath_table,online_medium,reseller
224167f6e956da2f71c0e8dbdaa8bbf0,2018-03-12 13:14:10,computers,offline,reseller
30a81d8cf85fb2ada1b1b094c9583a95,2018-01-19 16:51:28,pet,online_top,reseller
7e417525a6ce49b708fd384e580fe3c4,2018-04-03 17:19:55,home_decor,online_medium,manufacturer
b6cac2bb2d83cae903e336e6a993c795,2018-04-23 14:31:35,car_accessories,online_big,reseller
0ddefe3c7a032b91f4e25b9c3a08fca1,2018-02-09 15:35:51,household_utilities,online_small,reseller
45dfe11016c782d99a19f93dd34c300d,2018-03-16 14:17:34,car_accessories,online_medium,reseller
6f835fd4be26989b1b064399da346143,2018-04-27 16:09:25,audio_video_electronics,online_medium,reseller
3e35a8bb43569389d3cebef0ce820f69,2018-01-18 11:09:00,food_drink,industry,reseller
a7d0f8dd44f57ef6de7f7f02e3d82630,2018-04-27 21:38:40,health_beauty,online_medium,reseller
a663d9c3797e90eac99ff60939416a56,2018-04-27 21:08:34,computers,online_beginner,reseller
2aef4c8187ab057d6f1b7e0e636aa481,2018-08-28 17:09:31,construction_tools_house_garden,online_beginner,reseller
8e3338430e8b66d28aa88fa892a00063,2018-02-26 20:32:17,home_decor,online_small,reseller
3084dcdea01fe4f2d556540e6b2e873d,2018-04-03 18:56:08,construction_tools_house_garden,industry,reseller
a213f1bd6458f4a158f3746cb2514559,2018-04-26 16:05:43,computers,online_beginner,reseller
a56e351445e5863fc8960640ba9190c7,2018-02-26 20:02:10,home_decor,online_small,reseller
9d590e1df0faffd9ceaa1f0f0ea9af2f,2018-09-21 18:49:49,audio_video_electronics,online_medium,reseller
f49987b20beada69981c57899ffd1095,2018-08-03 17:41:00,home_office_furniture,online_medium,reseller
5cb4a72356883c59790dc8309cddea2f,2018-01-30 16:30:17,home_decor,online_medium,manufacturer
fcdd820084f17e9982427971e4e9d47f,2018-02-15 17:38:42,household_utilities,online_big,manufacturer
131fcb0a0c9a47bba4474aacff0f14b7,2018-04-20 03:00:00,home_appliances,online_medium,reseller
3d5d0dc7073a299e31fa718ce1bc00b6,2018-05-07 16:42:08,health_beauty,online_medium,reseller
0db0dce302e414422ed38aabd133ae04,2018-06-18 12:46:31,food_supplement,industry,manufacturer
3492e68f37fd1df87f4f2f2ea247f445,2018-02-12 18:46:06,car_accessories,online_medium,reseller
ba143b05f0110f0dc71ad71b4466ce92,2018-04-17 19:12:16,books,online_big,reseller
309405cfad0d11cd1ec6bb5d02c70c6b,2018-05-29 20:20:26,construction_tools_house_garden,online_big,manufacturer
f4009c6b30765309a251c26bc458e0e5,2018-08-07 19:47:27,stationery,industry,reseller
11fb6f6d341adbe19e81733701704635,2018-06-15 21:32:52,home_decor,online_medium,reseller
42fac6337d0f14ecdc18a82bfe6dd076,2018-01-26 20:25:59,household_utilities,industry,reseller
e0cfd7ece071eb006b1670ea64d0904e,2018-09-25 11:55:05,construction_tools_house_garden,offline,reseller
841fba8f46ab4edd1bb086f53735000e,2018-04-06 17:40:28,car_accessories,online_top,reseller
a333655afd62d4ef51f55ac7c58abb34,2018-07-12 21:14:21,car_accessories,online_big,reseller
ade45994b717ccee333492330fbf037b,2018-03-14 12:18:20,audio_video_electronics,online_big,reseller
784fca1939f4ad6c73be249a80b17d18,2018-03-28 22:37:52,baby,online_small,manufacturer
da6a60cc8cc724fe51be021ff8be779c,2018-05-14 16:06:59,books,online_big,reseller
6e985a12b7b98f0a15b7bf90cc882f61,2018-01-22 13:18:32,home_office_furniture,industry,reseller
a69aa24cec11168e7e39a3fbc727e925,2018-04-30 03:00:00,health_beauty,online_big,reseller
faf3ee2764599d114d7e8f25d4c19845,2018-09-11 19:25:49,home_decor,online_big,reseller
6025c79c035c3d772133b8b8238463b2,2018-05-10 19:07:39,car_accessories,online_medium,reseller
e1643dff33666ca629e3644c02738179,2018-03-13 14:56:01,household_utilities,offline,reseller
cc63f0dd2acba93ffed4fe9f8e0321fa,2018-04-24 03:00:00,home_office_furniture,online_beginner,reseller
bb2afe2061d53c6968aa0cffa233a8ec,2018-04-06 17:56:04,sports_leisure,online_medium,reseller
ba56ae8ab7eb61b0c3f064f9661eb15c,2018-02-01 12:33:15,books,online_medium,manufacturer
c8cc60ffd415254af5d9b9f34f32c369,2018-04-30 20:23:10,pet,online_medium,reseller
6267923376872bb45a1c804aed0f1e73,2018-03-28 18:55:26,household_utilities,industry,manufacturer
c1849d4d32d7a6cecd5aa471809d3135,2018-05-18 12:47:49,party,offline,manufacturer
90c523952c5622d268addb6d93a7212f,2018-08-20 13:59:51,audio_video_electronics,online_beginner,reseller
0ab97fdbae52ec0e877efdf9b310528e,2018-04-13 20:38:20,food_drink,online_medium,reseller
f233b575e585413f12fe2f847d922447,2018-10-30 18:21:05,household_utilities,online_big,reseller
7d2af2d0dc5a86742cda2e5da38c1ac7,2018-03-19 03:00:00,audio_video_electronics,online_medium,reseller
71729348559edea55a3e7a2bc2a2986d,2018-06-06 17:50:28,health_beauty,online_medium,manufacturer
4125d9385a25e82d2f72d3a0fd55bc3f,2018-04-05 15:06:11,home_decor,online_medium,reseller
5f5a58930c3c35f3b5af264f34fb8c85,2018-02-26 17:07:06,air_conditioning,online_medium,reseller
94eead2f1cdacbf7ba5c5a0bdbe4cf1f,2018-04-27 14:11:20,household_utilities,offline,reseller
facd538cb53fa082bffaeee65521020a,2018-09-17 12:03:18,car_accessories,offline,reseller
09c34a8e333be37851747c27525a4e53,2018-05-15 20:21:11,pet,online_small,reseller
8fbd63429be6d3e5e6d1a709b6464802,2018-01-23 17:58:30,car_accessories,industry,reseller
a28120fc27b206d3bc355b57040baf7a,2018-04-30 13:06:43,audio_video_electronics,industry,reseller
b16d3dadc47d4eb18be3d88bad0775ce,2018-03-28 16:11:25,sports_leisure,online_medium,manufacturer
a8fee0ab6206634206f782c32e41a2a4,2018-08-23 12:46:40,health_beauty,online_medium,reseller
dd5450b022b2d00a2145a66331e1aef6,2018-02-19 17:26:54,household_utilities,online_medium,reseller
f887581ec486ee8eec9ed933310848e0,2018-05-31 21:44:18,car_accessories,online_medium,reseller
f89e46b812b06f22508f89873565ce6c,2018-04-30 20:24:05,food_supplement,offline,reseller
845e8036c3f7bf62099352f5ed910240,2018-05-03 03:00:00,bed_bath_table,online_big,reseller
ce9d7ae0d0fe0a747bc46cf3f089cfaa,2018-06-20 18:31:06,audio_video_electronics,industry,reseller
f049a72cf58fd31b11f8919cade515e7,2018-05-24 22:16:29,audio_video_electronics,online_beginner,reseller
117cfc326c6d50da67ca858ff5c0c852,2018-03-29 20:20:04,household_utilities,online_medium,reseller
c6d5704d1ed91beed0114bcd9d3367bb,2018-03-05 18:43:20,home_decor,online_beginner,manufacturer
049197f741ca0cde891420fc72fba3e5,2018-04-19 22:00:40,pet,offline,reseller
116e5ef667d05e59c8b95acd02670ff3,2018-03-20 14:01:49,health_beauty,online_small,reseller
f1fdf2d13186575751aa25876536d85c,2018-03-22 13:06:50,sports_leisure,online_big,reseller
b64d51f0435e884e8de603b1655155ae,2018-02-15 16:06:31,household_utilities,online_medium,reseller
56e361f411e38dcef17cdc2a3d99628b,2018-05-10 19:16:27,audio_video_electronics,industry,manufacturer
cac876b37d3abcd6bd76caca30277996,2018-01-29 17:13:49,home_decor,online_big,reseller
a414555ce331b8c8aea4a9cb8395194d,2018-01-29 20:08:37,home_appliances,online_medium,reseller
c54679b132454625907c773d273d4126,2018-01-08 19:14:47,health_beauty,online_medium,manufacturer
4a82168aaef173cbb6e46ae88728f919,2018-05-02 17:57:01,health_beauty,online_big,reseller
41b9c7bfadf5f42b93b7bfbae1b84494,2018-01-15 19:51:21,audio_video_electronics,online_small,reseller
d8d9567d0bfb0bc7eb845a205ba42657,2018-02-09 13:41:10,books,online_medium,reseller
3ab971ce71839580d2ae5b4e40fe8044,2018-04-27 13:55:14,home_decor,online_big,reseller
02f623a8eb246f3c5f7c2f96462654e6,2018-04-18 20:16:19,sports_leisure,online_medium,reseller
11a559e252a8d167a8ccea7abcf357f3,2018-01-19 17:23:06,construction_tools_house_garden,online_medium,manufacturer
cec13d4723ba59aae2a6663b99129a49,2018-04-04 13:50:13,car_accessories,online_medium,reseller
0ca9bd8db4679bc89692acdfcd96b6c4,2018-05-23 21:47:07,health_beauty,online_big,reseller
351cc0833086e30c04f3b0a15dbc3e93,2018-09-03 19:15:53,household_utilities,online_big,reseller
6aa3928696eab49a19a466e665a649fd,2018-02-07 13:40:14,health_beauty,online_medium,reseller
539ed9e19811677513447759be5eccfc,2018-05-15 18:16:40,home_decor,industry,reseller
d7827b2af99326a03b0ed9c7a24db0d3,2018-03-29 16:29:14,construction_tools_house_garden,online_big,reseller
6c6d00f0561125a66cffac53cfe3f913,2018-07-31 22:29:03,food_drink,online_beginner,manufacturer
bd4431c1a8dfa744b59e1e2a8bc99b9e,2018-01-26 18:13:17,health_beauty,offline,reseller
4a1917ef994878940e1fb03eeb787ad7,2018-04-09 17:28:44,phone_mobile,industry,reseller
c0aff2da32c17759d30b22fb0af6649d,2018-04-20 13:24:51,music_instruments,online_medium,reseller
cb6c9f5888a7a090c75beaf615925792,2018-04-20 19:04:20,construction_tools_house_garden,online_medium,reseller
f212a20c700f5a7c3d4de5ef38e02c42,2018-08-10 13:01:03,audio_video_electronics,online_medium,reseller
59cea8e446d3834393058e7e0666b6fb,2018-05-08 12:18:42,small_appliances,online_big,reseller
2cb98e27ce1c18abdb42209b34c382a7,2018-02-28 03:00:00,car_accessories,online_beginner,reseller
3289d8c3eef4873f91ce0b1343c0dd58,2018-04-26 20:04:29,sports_leisure,online_small,manufacturer
55c26bcb609f480eb7868594245febb5,2018-03-01 14:58:45,baby,online_big,reseller
5c3460cd3e8a984382ae254e7dd20d9f,2018-01-10 18:15:06,baby,online_small,reseller
e979bb42fb660609fe056a6bea03761f,2018-04-27 03:00:00,jewerly,online_small,reseller
bcafb8538edd43b166274b25c60b7458,2018-06-26 12:51:19,audio_video_electronics,online_big,reseller
0e72c1a751b496722a6cb1f10653b62a,2018-03-12 18:24:50,books,industry,reseller
abcb0f101902cd0ca5bfddc35ddab560,2018-07-11 14:58:50,home_decor,online_medium,manufacturer
ae7ab174effdead6c241e547e4ca13f0,2018-04-04 21:17:17,household_utilities,online_medium,manufacturer
f85612e1b253b37d88329fdc16e8f32f,2018-04-03 18:29:19,pet,online_big,reseller
1d953075c2f0dd990bacf27b83b330f1,2018-06-20 12:24:10,computers,online_medium,reseller
9261d76c62caaf0b24677c2ceb7f8f20,2018-05-22 21:25:39,household_utilities,industry,reseller
def312fb44a52de894acf688498ce1fc,2018-01-31 13:33:48,home_decor,online_medium,manufacturer
160851d3ece7aa1a510f8d1a4bb8a8af,2018-07-18 20:24:28,construction_tools_house_garden,industry,manufacturer
c004e5ea15737026cecaee0447e00b75,2018-03-26 19:31:38,construction_tools_house_garden,offline,reseller
7ff588a03c2aeae4fbd23f9ae64b760d,2018-05-21 20:28:33,car_accessories,online_big,reseller
880ce4951cf857ab1d9e0b75c1d856f4,2018-01-31 02:00:00,car_accessories,industry,reseller
9e6967d3cf386d284251784b18ccb485,2018-04-13 13:41:51,construction_tools_house_garden,online_big,reseller
e9c2dc0dd4ac38448289be644ac94f42,2018-06-20 18:32:56,sports_leisure,online_medium,reseller
964ff64dc05b13811c6d0f41e0aa5f6b,2018-04-11 14:36:14,home_decor,online_big,manufacturer
1997c740529040d6a2244d2e818acb50,2018-02-26 20:59:09,audio_video_electronics,online_big,reseller
6fcc97197c64771f3c18aea3aa9d3913,2018-10-24 19:33:34,construction_tools_house_garden,industry,manufacturer
1cbdc7cf130a41fd13a3c2a7d2fcfda7,2018-03-16 19:39:38,bed_bath_table,offline,reseller
75fe775fe1a7ad296e77ea7e66b35ac3,2018-07-13 20:14:57,home_decor,offline,reseller
9e545d0501bd685bba148d9f631093f1,2018-02-22 13:16:06,construction_tools_house_garden,online_big,reseller
40105cb0aec41563d24ccc7b90ae7083,2018-08-30 22:00:23,home_decor,industry,manufacturer
b1116e9a35b2fa91eb4a0af8e73cdc3a,2018-06-14 18:51:26,small_appliances,industry,manufacturer
17595577347283c0140226df762e2e6b,2018-07-03 12:26:43,bed_bath_table,online_medium,reseller
271b8923c6a549e02d3c9fd1f8c0422b,2018-06-01 16:45:27,household_utilities,offline,reseller
d7cb3f744255259a4ded02cb354f5bcf,2018-02-26 16:11:50,home_decor,online_medium,manufacturer
618b0524377e106190c0c91cacdb4b78,2018-05-11 03:00:00,car_accessories,online_medium,reseller
231e2c768bf979ec59ff743f16a442ce,2018-05-15 19:03:42,audio_video_electronics,industry,reseller
44717f64ec2a457979cf83c429077666,2018-04-05 19:05:16,handcrafted,online_medium,reseller
b0289c0c1f9f84008e7b4dbf795c4676,2018-01-12 18:25:57,music_instruments,online_small,reseller
31be790e64fc99f8ff48ec2bd18a3104,2018-06-29 20:16:50,household_utilities,online_beginner,reseller
b0ec35adb04cfa85d3e0ff3f79c186a3,2018-05-17 21:47:38,home_office_furniture,industry,manufacturer
fa7cc273072520346449b9e89329768a,2018-08-10 16:46:39,audio_video_electronics,online_beginner,reseller
120476eb7a04c149d14772edaf5d9bf2,2018-06-25 18:42:15,construction_tools_house_garden,online_big,reseller
7df961ce758538004de6db0f5b9d7b6f,2018-04-17 14:51:42,home_decor,online_small,reseller
cee4320453079d554562dee0753d7d43,2018-08-21 21:07:30,health_beauty,online_medium,reseller
21f3118106d69d16dfe7d5aaf37cb242,2018-07-30 20:30:31,car_accessories,online_big,reseller
94d76e96eedd976258cd3278ce56d5f2,2018-02-07 20:39:32,construction_tools_house_garden,online_big,manufacturer
b5e7d871b063f34de611e8b448e63f2e,2018-02-26 16:09:48,health_beauty,offline,manufacturer
04ed0495537199603d4930fc5c0dd026,2018-04-27 14:07:20,audio_video_electronics,offline,reseller
96c1c7f1f24470915da80563cd1202ea,2018-08-08 16:22:31,audio_video_electronics,online_medium,reseller
1f74801bb8b05750ce5e7597b685bd13,2018-06-18 13:51:38,food_supplement,offline,reseller
bed6d1f6c4664ab8cf3abf3821727756,2018-03-22 21:20:42,construction_tools_house_garden,industry,reseller
377bc18334c78dd2f1535ef22a3ad225,2018-03-07 22:08:32,car_accessories,online_big,reseller
51fdd5d43db628fada4588f89aba3e8e,2018-04-11 20:19:49,car_accessories,offline,reseller
58f1a6197ed863543e0136bdedb3fce2,2018-02-27 17:30:22,fashion_accessories,online_medium,reseller
65febd49fd28ec955651299159b1f527,2018-03-19 18:58:47,household_utilities,online_big,reseller
9b1585752613ec342d03bbab9997ec48,2018-05-11 14:22:51,car_accessories,offline,reseller
cbf09e831b0c11f6f23ffb51004db972,2018-04-10 18:20:00,household_utilities,online_top,reseller
4f0d637c1197fd65405ebd755ac9f86b,2018-03-12 21:20:49,health_beauty,online_medium,reseller
026c6180cd86d6069dad573ce69b465e,2018-10-03 12:28:55,household_utilities,online_small,manufacturer
0691fc6052b1918d775ac6ff8275eb01,2018-01-12 02:00:00,home_decor,online_medium,manufacturer
d50f6d198921d51b24544738b29d2b0e,2018-06-04 13:55:12,food_drink,industry,manufacturer
9485222b0bad29d3b0e860fa5ec1fdd4,2018-09-13 03:00:00,construction_tools_house_garden,industry,manufacturer
28fadc495e06e64b5d15d54959f2cee1,2018-01-31 16:18:47,watches,online_top,reseller
dbdd0ec73a4817971d962698f2fea022,2018-02-02 13:08:11,health_beauty,online_big,manufacturer
2aeedd049dc20e7171f43110fd0d6821,2018-06-13 16:37:42,construction_tools_house_garden,industry,reseller
6a60bd6a4afd5fc86b75b47ec502df7b,2018-05-16 17:48:30,health_beauty,online_small,reseller
46bec94e1e0fc413b6adb1d1bd175477,2018-05-25 16:36:57,food_supplement,online_small,manufacturer
73df8d9e8f8c54d0d42feb9bf58c718c,2018-06-05 21:47:22,home_office_furniture,online_medium,manufacturer
dd22fbe4df5d84be25176054640b696d,2018-06-11 12:36:11,food_drink,industry,manufacturer
2aa8585964d74f71e334a6c3de2ddc27,2018-02-05 18:36:39,fashion_accessories,online_small,reseller
6cd5309bfee39493f71de0350e837b3d,2018-02-15 18:21:28,car_accessories,offline,reseller
caa9bc43a9fe8cf9c564ddd8a03cc4a6,2018-03-28 16:09:52,toys,online_medium,reseller
fe87f472055fbcf1d7e691c00b1560dc,2018-01-23 12:41:16,home_decor,online_medium,reseller
366b6b05f39997f102dc5179de14d43c,2018-10-01 12:27:47,health_beauty,online_small,reseller
9169e322ad3419286d1e5ee8f1c3b3f0,2018-11-01 15:36:16,perfume,online_medium,reseller
da4d149c0ddbac90557103ac0a0ec356,2018-01-11 17:16:48,sports_leisure,online_medium,reseller
bc2579cde838eb0fa8477f7efb1298d1,2018-05-10 20:10:08,household_utilities,offline,reseller
693660429f9dc4ff704eb3d88dad54d7,2018-05-25 21:25:11,audio_video_electronics,online_medium,reseller
7d7866a99a8656a42c7ff6352a433410,2018-05-30 22:29:56,household_utilities,offline,reseller
657969cca82e884d272385ec0ef06edd,2018-02-08 19:03:20,fashion_accessories,industry,reseller
b7140ce94c4514bf136a2c3f98e0476c,2018-07-31 20:01:32,audio_video_electronics,online_small,reseller
a50397ac35dc51ce40c4c3117828e4ec,2018-03-28 19:05:44,audio_video_electronics,industry,reseller
d65d93b215feab3f997441e1e0a98ca5,2018-05-14 19:26:01,computers,offline,reseller
dda37071807e404c5bb2a1590c66326f,2018-03-26 20:08:26,bags_backpacks,online_small,manufacturer
85be0b7181c48c393007b0002fdec79c,2018-04-30 20:47:07,construction_tools_house_garden,online_medium,reseller
671585f5a2af58b6e276bc01003c0d2b,2018-06-19 19:54:25,household_utilities,online_medium,manufacturer
4a1f694197d05fe70026b016a7316b41,2018-02-02 11:25:23,home_decor,online_medium,reseller
3d3ccf2b2f8134b10dce9dd446f0e075,2018-04-25 18:28:42,home_decor,online_medium,reseller
2cb6eb1b7185064167657fa09f541105,2018-01-15 17:14:00,home_decor,online_medium,manufacturer
0fe3372ef9bebf177e6cb95fa0340fb6,2018-08-20 13:15:36,construction_tools_house_garden,offline,reseller
964cb238d75d1e6c6e1f88adcdf14f42,2018-03-07 14:24:51,construction_tools_house_garden,online_medium,manufacturer
167bde8a09cb3196874f3f7e2753a98d,2018-01-29 20:43:42,toys,industry,manufacturer
c84592044b180dec206770c38603814b,2018-01-30 18:06:36,audio_video_electronics,online_medium,reseller
c3e1abd72a42fe690fcd89cf5720fe29,2018-04-27 12:40:32,pet,online_big,reseller
4d0041cdbe51b4617d95c70b19decc74,2018-04-20 19:29:22,car_accessories,industry,reseller
4e0bb097aa0fb4e2f9a146b77698427a,2018-01-19 02:00:00,car_accessories,offline,reseller
77e81c45f03c23a7b43dbb0bdd905dff,2018-01-12 13:49:28,health_beauty,online_small,manufacturer
2fa13c8bd5705d279f7ed5cc9ec61c68,2018-01-18 02:00:00,health_beauty,online_medium,reseller
9e54d45e5f30ed4f296bd25d4edada20,2018-04-04 20:55:17,music_instruments,online_small,reseller
596d3b6f78d5a703bfce24b801d2fbdb,2018-06-26 17:13:29,health_beauty,industry,reseller
18e694e0e48ed6f7aa3f24aade5fd697,2018-03-27 03:00:00,computers,online_medium,reseller
fd435faa3c0422b60440ea3480d0e77c,2018-07-26 17:03:01,music_instruments,online_big,reseller
7816cd9c5b1238e320545f5bf7eb80e8,2018-05-14 19:41:58,construction_tools_house_garden,online_big,reseller
713a71465d58d5315a36788861dfec4a,2018-01-22 17:43:36,stationery,industry,reseller
4d54524ebf3e26769edc397a2eb26462,2018-05-18 13:05:14,computers,online_top,reseller
8dc50970bc5ef0bf96e6dc401caf0c1c,2018-05-23 21:00:58,home_office_furniture,online_medium,reseller
c963a25b8671419c6ce9eebe8fd03218,2018-03-13 15:51:54,home_decor,online_medium,manufacturer
2aafae69bf4c41fbd94053d9413e87ee,2018-04-19 14:13:04,stationery,online_medium,manufacturer
3c6b1149911003e599410f60c7735bc6,2018-02-28 19:15:15,audio_video_electronics,online_medium,reseller
9ebf0ac03992f6240c8339820ed03581,2018-08-02 17:32:16,small_appliances,online_big,reseller
65d5e688c5bba88c62953b3a97264d54,2018-04-18 20:19:00,home_office_furniture,offline,manufacturer
013d100f608a64ec8275c038aedeb064,2018-04-06 14:15:21,food_supplement,online_top,reseller
d66c11a9572221d92fbb8c4897db5f9b,2018-04-14 03:00:00,household_utilities,industry,manufacturer
7d91f9d655df761fd0cf119733a61e74,2018-08-14 13:56:57,perfume,online_medium,reseller
77d0bfeb12a6711682cc61a508f87313,2018-05-23 13:57:13,health_beauty,online_beginner,reseller
01fd077212124329bac32490e8ef80d9,2018-03-28 22:45:45,household_utilities,online_medium,reseller
c0199604c0ca0863cd20b95aadd24427,2018-04-06 21:43:37,phone_mobile,online_medium,reseller
7461606ae81596a71b8a98fd0f2460b2,2018-05-25 18:04:39,home_office_furniture,offline,reseller
9d213f303afae4983637247556438ede,2018-05-11 12:46:58,bed_bath_table,online_big,reseller
76bf0e3e7d311d9069d4512cc1a232d7,2018-04-24 14:19:33,home_decor,online_small,manufacturer
4ff8d644ff76721b86fdc7c75c48d4a6,2018-05-11 19:21:23,car_accessories,online_medium,reseller
59ddca14932ec5557c099a51c4d5a58e,2018-04-27 13:27:25,food_supplement,online_small,reseller
8c9348f33ae3dada25c99c99ade2af78,2018-04-25 21:44:40,construction_tools_house_garden,online_small,reseller
89c4c1dfaab405a37514bda5243b0206,2018-08-24 03:00:00,sports_leisure,online_small,reseller
f1b854361f4e15d5851b494df66f22b2,2018-04-11 16:05:14,pet,online_big,manufacturer
c8665a4dd081a2c436b1cd921079d0d9,2018-05-10 17:13:16,car_accessories,online_medium,reseller
138dbe45fc62f1e244378131a6801526,2018-04-25 17:19:34,household_utilities,online_medium,reseller
b25ec1aff84400104d63eadc3b3052fa,2018-03-19 20:04:46,audio_video_electronics,offline,reseller
3917f19baf48b61b7c9a106ea10ad953,2018-02-16 18:51:56,small_appliances,online_big,reseller
eb72802c83dc7547529c9546d1a9b8ef,2018-04-30 17:43:10,health_beauty,online_medium,reseller
b67d6c666e8dce1d078c882825e12704,2018-04-20 14:26:36,sports_leisure,online_medium,reseller
980640c45d7a4635885491d077167e4d,2018-05-24 20:25:11,bags_backpacks,online_medium,reseller
d84ecc09e7c9517825a219be37aca08b,2018-04-18 19:26:35,car_accessories,offline,manufacturer
dc7192adf8ba09569261f4a8d576afe0,2018-05-11 20:38:50,household_utilities,online_medium,reseller
43037711a5c131786d1633e96185d278,2018-03-15 15:12:53,pet,online_big,reseller
3b2386b23bc4807a467c2ea5770cdd80,2018-04-24 17:05:08,household_utilities,online_medium,manufacturer
c30eb4a935f1ea375393aa691a69b19c,2018-02-21 12:30:22,audio_video_electronics,online_medium,reseller
ffad1e7127fb622cb64a900751590acd,2018-02-02 20:42:47,home_decor,online_medium,manufacturer
7b98de631987e26dd6d803490c43a13c,2018-05-08 17:18:41,construction_tools_house_garden,industry,manufacturer
77d81755dbf8e62faa0fb683e1a802c6,2018-04-28 03:00:00,home_appliances,online_top,reseller
70bf57d811208f8923b41bbd499a67a4,2018-06-08 12:10:27,small_appliances,online_medium,reseller
4018093c0809ddcb1f633ed5cc3f5eb2,2018-03-09 17:24:41,home_decor,online_medium,manufacturer
4de7a9f2b6acffd74c9f148f8902b854,2018-10-01 12:31:26,watches,online_medium,reseller
bc8c8d665ec4664d286be0d521722b19,2018-04-17 17:18:12,food_drink,online_medium,reseller
a63bfbaa882c8f4542891b4e2246cc7f,2018-05-24 16:11:06,health_beauty,online_big,reseller
33d677f27a69b84051204ee4ae76eaca,2018-01-10 19:40:52,food_drink,offline,reseller
92887d76687f9477f1c7f759bc4a225b,2018-03-07 03:00:00,home_office_furniture,online_beginner,reseller
8a8835a43bda99fd37310ad76c457510,2018-05-17 12:09:33,car_accessories,online_big,reseller
0873d9f8f36123f8d910f4760e788cfb,2018-03-27 03:00:00,audio_video_electronics,online_medium,reseller
59bbc819b99a733f02f0d6b49d1c253d,2018-02-06 02:00:00,car_accessories,online_medium,reseller
61b18775be84fb700a6b2d0ba097bf66,2018-02-27 19:13:04,pet,industry,reseller
761681a821d8275bc79f552116d06869,2018-01-16 02:00:00,home_decor,online_big,reseller
1a8e2d9c38b84a9702ac7922924b0573,2018-01-22 17:11:43,household_utilities,industry,manufacturer
ab2a1539d7cdbddcfb6b568447ed767d,2018-08-17 14:41:00,party,online_medium,reseller
a66aed6f85eb3f719792329338875b72,2018-04-20 12:18:30,food_supplement,offline,reseller
c32fc744b9160ac853450488e3cfea93,2018-03-05 20:54:03,food_supplement,online_medium,reseller
08083b94b3c7e0847502a026125dbfbd,2018-06-04 18:53:50,construction_tools_house_garden,online_top,reseller
165b1235e9e9942cb5fae67103576fb0,2018-04-30 16:01:35,home_decor,online_big,reseller
13a6bea45beacabbd2d7551940020653,2018-04-18 16:36:44,construction_tools_house_garden,online_medium,manufacturer
9803a40e82e45418ab7fb84091af5231,2018-03-09 14:18:20,audio_video_electronics,online_big,reseller
ec8463980a4e0ea9f8517aea1ed0c419,2018-04-09 18:58:34,home_decor,online_medium,manufacturer
e52a436a49da33527c29e1b5fbd09317,2018-05-14 19:17:03,food_drink,industry,manufacturer
f9eda05b67bef472deaddbba84aca289,2018-03-07 17:11:48,watches,offline,reseller
ffa6adafb71b807dc13159e26431354c,2018-02-20 17:44:19,car_accessories,online_big,manufacturer
14c9e2cbff9aaf67afd967798a651733,2018-03-23 17:58:38,food_supplement,online_big,reseller
447d377bdb757058acb569025ee18a93,2018-01-26 12:23:51,toys,online_medium,reseller
f0533bc9cc3111a0b2f8198157a34571,2018-02-07 18:11:05,health_beauty,online_medium,reseller
1f7dfad2cb384ea4d2d7e1ffbd78c407,2018-04-20 03:00:00,toys,industry,manufacturer
8de8fe3af4449ed695d2434c933ed73e,2018-06-08 19:09:46,air_conditioning,online_medium,reseller
ceb123995e945aab9f7c259819f70a2e,2018-10-10 01:15:56,construction_tools_house_garden,online_medium,reseller
db2956745b3a8e9f3785c99f34b5d25e,2018-03-22 19:35:04,audio_video_electronics,online_medium,manufacturer
c5f7e746b7e6d07def6c0dae9903279b,2018-03-01 12:22:46,pet,industry,reseller
bf28429c4b2c63d4a66f2a1ef89e7cfa,2018-02-16 20:09:12,computers,online_medium,reseller
684ffe8bd167b50565e8546d7a99ec63,2018-04-17 18:12:47,home_decor,online_medium,manufacturer
0fca1de8751a104ca87890f19f363d4d,2018-03-16 14:22:29,bags_backpacks,online_small,manufacturer
4bfc7a4a1cf8d4d2121c27422d9e50b5,2018-03-08 03:00:00,home_decor,online_big,reseller
98d634015211a1cd9b861e59b6d1b79b,2018-03-16 13:57:28,food_drink,online_medium,manufacturer
6267b2cd3c8d9bfa2cc778c11d54e76c,2018-03-15 19:10:24,jewerly,industry,reseller
f093be9f8ecb3904adb95cbe76434e1c,2018-10-25 17:16:36,music_instruments,online_beginner,manufacturer
6e1706430e9dda78c8d2d5dd1f36d545,2018-04-30 20:58:34,food_supplement,industry,manufacturer
bec568278124768c474ee90971ca94d1,2018-06-05 13:34:52,home_decor,online_beginner,reseller
762fafdaa57a532ee0119731697579dd,2018-02-28 22:17:25,toys,online_beginner,reseller
d263fa444c1504a75cbca5cc465f592a,2018-03-29 12:34:47,gifts,offline,reseller
cb9942fc1981289d7e809573bc69c7db,2018-01-22 13:22:05,books,online_small,manufacturer
2cadea330183af560c84a87409e5c0e0,2018-03-19 18:20:11,car_accessories,online_medium,reseller
1f080fb8ad65b21e195b903bd366ae68,2018-06-07 13:59:42,pet,online_medium,reseller
95081451c156a9d11136ecfc5422a20f,2018-04-24 14:04:51,car_accessories,online_medium,reseller
b30aab8e0bdb2b3876d33df69222cc5b,2018-09-03 03:00:00,household_utilities,offline,reseller
bd57c88dfa162e7a0f5284a25935af65,2018-06-15 14:04:52,home_decor,industry,manufacturer
b03a9c9814f98280b6d91cb560eeda5b,2018-06-12 19:54:25,car_accessories,industry,reseller
6514418ce691fad2663207c14a1fc1f4,2018-08-28 21:30:52,food_drink,industry,reseller
3f9be91358837bff69df67edfa3e42e8,2018-03-01 17:44:43,pet,online_medium,reseller
c1319b7d63c25ad7838d268fec93d0fa,2018-04-30 21:48:02,audio_video_electronics,online_big,manufacturer
b6a59a960c14aab3c683a673d03ca2ab,2018-01-23 11:33:43,health_beauty,offline,reseller
871708b5b0c28260241a7ddbcec894c3,2018-04-19 18:10:32,toys,online_medium,manufacturer
4867209cb29b56b92893d7bde3ce8012,2018-01-29 11:26:57,health_beauty,online_small,manufacturer
e9179018f5d095c744e8a333264f99d1,2018-03-05 12:52:26,construction_tools_house_garden,industry,reseller
5e8fbfbb0b53e303caf57d7408627b73,2018-03-23 19:56:18,home_decor,online_small,manufacturer
946a07c34ff7e9eafa2d0ad6c45340ec,2018-03-16 20:22:47,construction_tools_house_garden,online_medium,reseller
d4ffeb15b67e81ff9af2b4252d99fb7e,2018-04-04 17:31:09,bags_backpacks,online_medium,reseller
5e9f5bd34e0830569f05c9d4f56e04a8,2018-03-28 03:00:00,bags_backpacks,online_medium,manufacturer
b3a449163f5fe8657f2f0c83f41e7a5a,2018-05-21 14:06:49,toys,online_medium,reseller
c03fd7fd50f9f421847d970502fe5d26,2018-04-11 22:21:15,fashion_accessories,online_beginner,reseller
d8bf0fc082fd4a77fc2e5679b6c00133,2018-04-06 03:00:00,construction_tools_house_garden,online_medium,reseller
8a432f4e5b471f8da497d7dc517666e2,2018-03-12 17:30:06,bed_bath_table,online_big,reseller
108ca0788dee2b34051cd325dd9eafed,2018-04-03 20:47:56,bed_bath_table,online_medium,reseller
03a2a6dcbe45d639c4dc2a0d24769c40,2018-02-09 18:11:10,construction_tools_house_garden,online_beginner,reseller
6a38087bc8ad4f89ff453561005f6dea,2018-05-11 21:26:07,computers,online_big,reseller
d9a84e1403de8da0c3aa531d6d108ba6,2018-01-30 11:33:40,toys,online_medium,reseller
f12d3c2a14729ae461b920c11fe20fdc,2018-02-02 13:10:58,home_decor,online_big,reseller
cdb142290473bb9442f55741e430682e,2018-04-11 15:15:51,home_decor,online_medium,manufacturer
a8739afb32aaa45e01815ca76f76f54b,2018-02-28 17:16:01,car_accessories,online_big,reseller
12e6ecc830aa50dcace131431d90f426,2018-07-02 13:40:15,home_decor,industry,manufacturer
a6a52627793bc24c517d364354c20f6f,2018-05-18 20:27:46,home_decor,online_small,reseller
5bf397d04035b5f45cc41e82ec106803,2018-03-13 17:16:23,household_utilities,offline,reseller
bbe9a13ea83539951c8edfc200565bad,2018-04-26 13:40:00,home_decor,online_big,manufacturer
e00c0a3af0718a2ecf6618c84cd1b1ff,2018-11-01 11:47:50,fashion_accessories,industry,reseller
8bee95b757e33c86511de3f9311100b9,2018-02-27 13:54:11,car_accessories,online_medium,reseller
d1ef48b38baca7e831711c4a0aeb398f,2018-02-15 17:22:47,construction_tools_house_garden,online_medium,reseller
e5cbe890e679490127e9a390b46bbd20,2018-04-25 22:04:32,food_supplement,online_top,manufacturer
e6bb1e7ea5580c5b9f0970407b3f8c7b,2018-03-29 18:12:58,construction_tools_house_garden,online_medium,manufacturer
0b0c50f6ddac7e6e7ed9d513ec122c74,2018-06-06 13:53:35,household_utilities,online_small,manufacturer
723cd880edaacdb998898b67c8f9da30,2018-03-09 20:12:38,bed_bath_table,online_medium,reseller
a2fbfee48b1a9b455b126c70e421ec91,2018-04-25 16:22:26,gifts,online_beginner,reseller
7020bbe82544a814b5665a2887119267,2018-05-25 15:00:14,health_beauty,online_medium,reseller
36f98ad67cc981f50ce8aed093d5783c,2018-05-16 13:32:26,audio_video_electronics,online_small,reseller
8c6d188ef073e289887bc52bc37f3e61,2018-09-14 14:43:50,audio_video_electronics,online_medium,reseller
6c99c983ce3b6ba0ab813e6790e81691,2018-04-16 18:25:12,toys,online_small,reseller
5e105f5c9f63f5f1fd75d6cb942e55b1,2018-01-30 11:42:01,home_decor,online_medium,manufacturer
bdae679a9b282249bc23b9b69dae9a99,2018-01-24 15:19:49,construction_tools_house_garden,online_medium,reseller
3387acafd8bea46d73fc50cc9f7e2a9a,2018-05-15 21:17:04,computers,online_big,reseller
52a50b42accf164f9f019941e5759d9b,2018-05-04 03:00:00,food_drink,online_small,manufacturer
45f04cd6eccb0a2ab2ed62d4939ca2d2,2018-03-16 19:52:21,household_utilities,online_top,reseller
da7039f29f90ce5b4846ffc0fcc93beb,2018-02-27 17:13:23,audio_video_electronics,online_medium,reseller
59055625da956ae84296c08491141984,2018-04-30 19:28:30,construction_tools_house_garden,online_medium,reseller
47ff0b75e3609b6b80fbd1450384a623,2018-05-04 03:00:00,home_decor,industry,manufacturer
f22a247b79dd22ecd91dc8e3b2a1b07c,2018-04-18 14:08:11,health_beauty,online_medium,manufacturer
87193a47e93a5c1912254392431f524d,2018-02-15 14:37:04,health_beauty,online_small,manufacturer
b12cce16926aca79e4dc5483947792cc,2018-04-27 16:24:00,car_accessories,online_medium,reseller
98932494b926a74eda339b76ce0b4bc0,2018-05-25 22:37:08,sports_leisure,online_big,reseller
9966324e28b7fa38165d2d3d12d53b7f,2018-09-24 20:45:42,phone_mobile,online_big,reseller
7cae39bbb9e55772693688c5afd957e6,2018-03-07 13:56:43,bags_backpacks,online_medium,reseller
bb7ad8a45c027be8ab075b8e465f8ca0,2018-05-21 19:55:20,household_utilities,industry,manufacturer
3b945b144f631e998d7e484cc48b3783,2018-08-20 21:05:48,computers,online_small,reseller
1cbd32d00d01bb8087a5eb088612fd9c,2018-05-02 14:23:32,health_beauty,online_big,reseller
28d365edb9c888771df5915b575f8f34,2018-05-24 16:47:23,home_decor,online_beginner,reseller
67edf85a314145ec81e546794dbc31cc,2018-01-18 20:02:48,construction_tools_house_garden,online_big,reseller
4f6bf26bd1ecc9aa855e9cce6869b566,2018-05-11 17:24:16,audio_video_electronics,online_medium,reseller
ffc470761de7d0232558ba5e786e57b7,2018-02-14 11:48:29,construction_tools_house_garden,online_big,reseller
07de60b03d150fb3ea09eab5da5e4c8b,2018-01-24 17:14:32,bed_bath_table,industry,manufacturer
86ff3eaef0267069cc891a2ed9d10a17,2018-03-29 18:06:54,sports_leisure,online_medium,reseller
299c89a525fee36c567f4fe72f038100,2018-02-28 03:00:00,audio_video_electronics,online_big,manufacturer
fc7adf89a5d4fb88c007094fdae351c4,2018-02-27 12:23:13,handcrafted,online_big,reseller
f66425655311542de5db64f27d0d5651,2018-03-19 17:36:04,car_accessories,online_medium,reseller
3ea08c48e851106d2f584349daba335f,2018-04-19 17:11:18,baby,online_medium,manufacturer
bea51724befa11664f1d44a92ba8f4c3,2018-04-18 19:01:21,jewerly,online_beginner,manufacturer
528f22dfa20a3de9375b2b38e49cc617,2018-05-04 03:00:00,home_decor,online_beginner,reseller
2d34636518ba88f5349b732fcf8ba2e4,2018-02-19 20:21:26,computers,industry,reseller
e6cf587c2552879f7471e7e8c993ea1c,2018-05-07 18:22:39,car_accessories,online_medium,reseller
503ad3c3811010c6ba4577f411724b13,2018-04-27 03:00:00,food_drink,offline,reseller
e8dba4d70f7f2b20e775d09cae01142d,2018-05-14 20:15:57,bags_backpacks,online_big,reseller
bbe87dce25ba8b38bb61cc7210a3f10b,2018-03-22 15:07:28,construction_tools_house_garden,online_big,reseller
9e3f08af3b6caa76962b05087eed5425,2018-04-16 16:58:06,construction_tools_house_garden,online_medium,manufacturer
94165aea8a35c3c21499cbcae239b16c,2018-03-16 14:14:20,car_accessories,online_medium,reseller
43ac443db8d4fbfb1454aa1364404264,2018-04-06 16:56:39,car_accessories,online_medium,reseller
267116eae2e631a965ef86be260f9278,2018-03-07 19:04:28,fashion_accessories,online_small,manufacturer
3d2531eccfbde1d7c8db7a3a12fb267a,2018-03-09 12:49:20,music_instruments,online_medium,reseller
770145ac7913d8d3ace8aa83a1304938,2018-03-26 20:54:23,bed_bath_table,online_medium,manufacturer
cf8ca2db83470a73b7cebdd86ea96fb9,2018-03-21 16:16:52,phone_mobile,industry,reseller
b6584a94139a5dd427c5b2d918116197,2018-03-12 13:00:43,bags_backpacks,online_small,manufacturer
89d394e1e062b0c231c559196aa7e18c,2018-05-02 17:29:18,computers,offline,reseller
81cce42d33ddf3d4f89f1d476b5e35e7,2018-05-30 13:34:09,health_beauty,industry,reseller
68c701b433babf6e12018f1a674d3228,2018-05-09 16:52:06,home_decor,offline,manufacturer
184725737946a1a938bbbd1a9e978103,2018-04-20 20:48:35,fashion_accessories,online_big,reseller
528e4514f9339c1c3dd7535fd1a2d8cb,2018-03-08 15:01:48,home_decor,online_small,manufacturer
bf0d50a6410d487dc97d2baac0a8c0be,2018-04-09 18:22:46,home_decor,online_medium,manufacturer
ce77b964b9986a57b37b928be67d9959,2018-02-23 12:03:59,food_supplement,online_medium,reseller
1b69e7630792e60471efca457d5b57af,2018-08-15 19:09:36,handcrafted,online_medium,manufacturer
9da15f4a4ea758d9eeb49000dbe57e22,2018-03-09 03:00:00,home_decor,online_medium,reseller
5a4473aa20aec979dea3eee0822165aa,2018-10-10 16:35:47,fashion_accessories,offline,manufacturer
573becd44db78cee00182ec4a5594806,2018-04-20 20:11:23,household_utilities,online_big,reseller
0a85ebe4e328db81ac9109781205e2f7,2018-03-15 17:13:24,home_decor,online_medium,manufacturer
7f5e4d5efad7e44b91115dd1decb65f3,2018-04-09 21:04:41,audio_video_electronics,online_medium,reseller
b18791c7580856ccf7c72d22acd59873,2018-06-19 21:04:53,fashion_accessories,offline,reseller
48fa294ea8e32148c8dba7a692b72bfc,2018-04-12 12:35:49,sports_leisure,industry,reseller
1b4b28463457a256e9a784ebe2a8f630,2018-04-23 20:40:04,car_accessories,online_medium,reseller
42fa4ee7240e9b8eb4576358ec142ba7,2018-01-29 12:15:43,household_utilities,online_medium,reseller
89a51f50b8095ea78d5768f34c13a76f,2018-04-10 19:17:03,health_beauty,online_small,reseller
f9ec7093df3a7b346b7bcf7864069ca3,2018-05-11 17:09:22,small_appliances,online_medium,reseller
7238a95bb63ef7e498389fb863b834a1,2018-03-26 12:07:20,construction_tools_house_garden,online_big,manufacturer
294e164108bc80d8fbf5ee39c448461c,2018-04-03 20:39:13,car_accessories,offline,reseller
850913d59ce317156b00f3705f1c3edb,2018-02-08 17:29:13,phone_mobile,online_medium,reseller
e19d488f67425e5a884abb42dfa0c458,2018-08-30 22:34:38,car_accessories,online_small,reseller
72c38a04bd6a1c3dbc5298425a0db86d,2018-03-06 11:29:22,audio_video_electronics,online_beginner,reseller
6de5884cc604dc6798577fbf91e86836,2018-03-27 17:57:49,jewerly,online_medium,reseller
ce4f1d45100bd92470c482527f73f72d,2018-03-29 17:45:03,phone_mobile,industry,reseller
7d2d952e020034f05b4b7a7222563d89,2018-02-22 13:28:41,food_drink,industry,manufacturer
57df9869a600bd6b7c405f2a862eccfb,2018-01-16 12:36:23,household_utilities,online_medium,manufacturer
fdde1d384dea864917f6b8f2d330986e,2018-01-23 18:30:32,party,offline,manufacturer
2fc89ae84d3c48eda4b268408f6ad6d7,2018-07-10 15:57:10,watches,online_medium,reseller
bfee0cb1dc3d4e4a2d625daeafaa3d3e,2018-04-12 21:32:57,pet,offline,reseller
4e480be820e37de1444325ff358c9296,2018-05-30 17:49:58,car_accessories,online_big,reseller
ce4755084bc097113867e6454f8f5e52,2018-05-08 17:48:59,health_beauty,industry,manufacturer
500b5e25308adf85bbc0bbc52c3dc05b,2018-04-24 03:00:00,home_decor,industry,manufacturer
ca7c6bd577e559472af1c699de9e764e,2018-03-15 21:09:42,health_beauty,online_medium,reseller
2866098c2a38fb723ee05f5b65635df0,2018-02-09 15:46:42,fashion_accessories,online_beginner,reseller
767f9c7cc8d4c288b891893b61f3a2ca,2018-03-06 13:29:10,food_supplement,offline,manufacturer
19d7a4faa5de92caef9ad5128e6b1467,2018-03-14 12:24:20,home_decor,online_medium,manufacturer
3cbdc3237aa8afe44324bda4a1ccf676,2018-10-03 18:32:49,car_accessories,offline,reseller
d687681225767af6d214d1b3ae13f66a,2018-06-11 19:23:48,food_supplement,offline,reseller
13511db12ac61e2f89c53b72a944a60b,2018-02-22 18:03:54,car_accessories,online_big,manufacturer
d3dcf0604eabf0224fbd5948b5e02f69,2018-02-02 11:22:56,music_instruments,online_medium,reseller
7ade73f1b9b4e965f9009a4c3a7e2c15,2018-03-22 13:14:56,household_utilities,online_medium,manufacturer
87d3c3aeb3ead335511b3ce315eb341e,2018-05-14 13:25:24,toys,offline,reseller
9cec48faacf156410e6c576bcefdade5,2018-04-12 14:02:51,construction_tools_house_garden,online_medium,reseller
ae45df84722b1d15c5f32b23a095746c,2018-01-30 17:39:30,health_beauty,online_small,reseller
cad9969167c09b48ae6f1d123f7fa68d,2018-02-07 15:45:25,home_decor,online_small,reseller
8f014a85666ef7e6a98b99a7e136bacc,2018-01-19 02:00:00,bags_backpacks,online_small,reseller
85044848b1b767db2a4a58526adef4b4,2018-02-05 20:03:48,phone_mobile,offline,reseller
9c1c0c36cd23c20897e473901a8fb149,2018-03-19 20:26:27,food_drink,online_medium,reseller
ce20a2ec1514c25e16f2b5b39bc818f0,2018-02-05 18:10:27,pet,online_medium,reseller
2157c762d011d8bdf2097f45d80df0ef,2018-07-18 18:48:13,health_beauty,online_big,manufacturer
cad10cc982ab6a391570c211b995c17c,2018-03-14 16:52:04,pet,online_medium,reseller
fe1f84058e11c26fe9582167f47c343c,2018-05-14 13:36:50,bags_backpacks,online_medium,reseller
b89f350d98e85cdac1137510bd7b566e,2018-04-30 18:30:12,baby,online_beginner,manufacturer
f085a186e0ab15cb03a8bf46e07a8397,2018-01-24 11:33:32,computers,online_big,reseller
72bb43f9683adea77d240b7985e2dfa2,2018-03-27 03:00:00,pet,online_medium,reseller
e77e2e91d8ba596f5bce16b906255fe0,2018-05-22 12:44:38,books,online_beginner,manufacturer
7d7d2b7a51328016102d4528c411d630,2018-03-14 12:23:39,home_decor,offline,reseller
651530bf5c607240ccdd89a30c9c9712,2018-06-27 15:12:26,bags_backpacks,industry,manufacturer
d8887be1427e48581e65fed5faf03bce,2018-08-21 12:30:34,computers,online_medium,reseller
5670f4db5b62c43d542e1b2d56b0cf7c,2018-03-26 20:42:32,health_beauty,online_big,reseller
98151b0a22aa6e9ac06a7bb854fa6959,2018-04-30 14:27:15,home_decor,industry,manufacturer
929f342384a6607afe143d789ade1316,2018-04-11 13:39:02,construction_tools_house_garden,online_small,reseller
4c18691b6037662be2df78a765d98ab5,2018-01-22 15:28:51,household_utilities,online_small,reseller
aa2640d851ec322526f1295bbeb20092,2018-02-07 11:14:36,home_decor,online_medium,reseller
19d62d484cba71963c93f0f00ab42013,2018-03-14 19:43:52,home_decor,online_top,manufacturer
f2c87addc7e39e1c73457c4ec85ed728,2018-09-27 17:36:04,bed_bath_table,online_medium,reseller
5b0cc932433fa5184b5b94bfe6bcc256,2018-05-17 12:42:15,home_decor,online_medium,manufacturer
252b493131fc46ee4a19fbfcbd565676,2018-06-04 12:47:47,computers,online_medium,reseller
0502e5d79bd91b34b68cef9b3b45230c,2018-05-18 19:32:40,health_beauty,online_medium,reseller
cd2169d9f31ff6fbb9ca3373b0c9e354,2018-04-23 21:07:06,audio_video_electronics,online_medium,reseller
9aa388272ee334b6ae07bc73706e254a,2018-02-19 19:49:04,bed_bath_table,online_medium,manufacturer
dc00a47754c9e2eda1f84b0bff6ee95e,2018-04-23 13:23:55,stationery,offline,reseller
1fe5540d7c1c37a595fefbacd5570d9e,2018-07-20 18:18:14,computers,online_medium,reseller
dd3c4f2160ceb84483c6ef84ddc541e0,2018-07-20 20:30:20,handcrafted,offline,manufacturer
bce6a5ecf98e99fd2a8868b15c51f04b,2018-04-13 03:00:00,watches,online_medium,reseller
5f4ffce0fafd72596bcb09d1467981c2,2018-07-09 12:54:57,health_beauty,online_medium,manufacturer
902c99f1ac505c0d18778b61bcd636f7,2018-07-13 11:53:00,gifts,online_medium,reseller
2e7ea2aafec5835e781b21d6d1faf1f1,2018-05-21 17:41:31,health_beauty,online_medium,reseller
b3809b8d4394588a47c8470ea331e135,2018-04-10 19:34:27,audio_video_electronics,online_medium,reseller
674207551483fec113276b67b0d871ff,2018-03-29 17:05:39,household_utilities,online_medium,manufacturer
63c6951772f3f4fc4e40ffd24207fd19,2018-03-09 13:45:50,phone_mobile,online_big,reseller
2ec7ffe99ecc5afc2e48920c9d1fbff6,2018-01-12 12:23:31,air_conditioning,online_big,reseller
9fbe791853dbd2e3894d85162a8ff934,2018-10-02 21:25:39,car_accessories,online_medium,reseller
dace965ca58120f92f8d742a9fa1864b,2018-01-30 12:17:36,health_beauty,online_beginner,reseller
ea4e9ce63a2134743b4a92777437fcdd,2018-03-20 13:53:13,audio_video_electronics,online_medium,manufacturer
19d2a3535e887b30be7081676fb1a499,2018-04-13 03:00:00,stationery,offline,reseller
a0ed0c00bfd64109d4ea03c97cc12486,2018-10-08 17:22:23,home_decor,online_medium,reseller
8116eb23b96c15ec02dd90632371494c,2018-01-29 10:35:52,bags_backpacks,online_beginner,manufacturer
39cd336c2436c88d88096f7ef9305026,2018-03-27 21:32:52,home_decor,online_medium,manufacturer
48e954b2da4f6a750c844173b347ed40,2018-02-15 12:24:37,food_drink,online_small,reseller
694892adec9a8e54155c2a2e99b6bd0c,2018-04-03 12:21:09,car_accessories,offline,reseller
a0b6a15b3b776d289bb0eca2d9115eaa,2018-10-29 16:54:59,toys,online_medium,reseller
f177c11663deb4c3c07af399b26f5110,2018-05-15 13:29:59,car_accessories,online_medium,reseller
abc39d62971a3ef6d4b285f65513006f,2018-10-24 11:33:31,books,online_medium,reseller
28c7d8743fbc8679f484868cc0fcaefb,2018-03-23 19:52:00,health_beauty,offline,reseller
b15dd2f0fabf60d00bb3bc95834fb45d,2018-09-06 16:31:09,construction_tools_house_garden,offline,reseller
c38c6d00a783927b6a3df86ea650ed4f,2018-04-27 20:10:02,audio_video_electronics,online_small,reseller
186cdd1b2df32caa72cfb410bba768d3,2018-03-01 19:48:16,household_utilities,online_small,reseller
fac1a9017ade7bdc94058fc1c969f355,2018-04-27 12:39:38,computers,online_medium,reseller
269c5fc9fcadee614364c3620c30a1f9,2018-06-21 12:39:59,bags_backpacks,offline,reseller
516e7738bd8f735ac19a010ee5450d8d,2018-05-08 13:32:34,health_beauty,online_small,reseller
fb66238168277301f44d960416bf5c1f,2018-10-05 12:35:50,fashion_accessories,online_small,manufacturer
8ba4b332e611171e234324cf3f9f28e3,2018-02-14 17:11:22,food_drink,industry,manufacturer
4ac30efebddcd090914475c8201899b4,2018-01-29 02:00:00,home_decor,industry,reseller
5544a079319b0984ee5d3ea03ea57da2,2018-02-19 21:08:55,computers,online_medium,reseller
8caafb23d9d6b7e75485fcc2bdc260e0,2018-05-10 18:11:09,home_appliances,online_medium,reseller
dd27d8e77c7920dc26f5da40bf65ce73,2018-09-04 14:34:07,car_accessories,offline,reseller
de83e0600df76319c24c3670ebcb2d5f,2018-04-13 21:53:17,home_decor,online_small,manufacturer
85182120f8a3331fcddb54f27a77dda2,2018-03-02 16:20:21,sports_leisure,online_medium,reseller
bb219facd42c2384181e8f3330b42df9,2018-02-20 19:40:05,baby,online_medium,reseller
788e857f317e53de488d393e65a80f45,2018-04-05 14:44:21,bags_backpacks,online_medium,manufacturer
a99634624f85b4f63f87bc334b846962,2018-03-26 21:56:43,home_decor,online_medium,manufacturer
b8caedd58f7afe8fea08b95f272bc080,2018-05-02 17:22:49,car_accessories,online_medium,reseller
3844ab927429de8fcb426e4886024ee9,2018-08-22 13:14:44,health_beauty,online_medium,reseller
c7471f493e0cf386881d09659a4a32a4,2018-02-23 20:27:56,toys,offline,reseller
74636e24f01da9268b0ed88dacd8513e,2018-02-28 16:19:57,toys,online_medium,reseller
2039c5e51785b5dde7cf93ccb3b7be2c,2018-06-14 15:43:46,audio_video_electronics,online_beginner,reseller
bb94878eed7bad1bdd88e19f6c322f8e,2018-04-13 18:12:32,audio_video_electronics,online_medium,reseller
9ac4f14370b1e24ddc58be041b7f99df,2018-01-31 16:40:54,bags_backpacks,online_medium,manufacturer
fe53fc6949a462475c07fcb57ead57ce,2018-03-09 20:05:55,home_decor,offline,manufacturer
a11a0e0ca67423425691db355cff69b0,2018-05-04 03:00:00,car_accessories,online_medium,manufacturer
89757206b887aed36f3e18d858460fea,2018-02-27 20:53:04,bags_backpacks,online_medium,reseller
6bd503a8230299c9316fb0f726933927,2018-05-21 21:21:21,health_beauty,online_big,reseller
3903c788ded8dc03b5ebab37a2f3e9a1,2018-04-09 12:26:37,household_utilities,online_big,reseller
837db36e3b34fffca8725343601a74a7,2018-07-12 19:56:39,food_drink,industry,manufacturer
62b967c1884c0e9ca8b9dba64be0b136,2018-07-31 13:29:15,audio_video_electronics,online_medium,reseller
e58a75d874cd483e80fb3ba9aa35db51,2017-12-14 11:30:13,health_beauty,online_small,manufacturer
094ced053e257ae8cae57205592d6712,2018-03-13 12:33:10,health_beauty,online_medium,reseller
2bee35533016f9992645dd6df0eca7e4,2018-04-05 13:18:02,home_decor,online_medium,manufacturer
54583ab379489add547fe47b628db589,2018-05-30 16:07:26,baby,online_medium,reseller
c846aef46d0aa00378cc6c24fd7fb474,2018-04-23 16:16:57,household_utilities,industry,manufacturer
c092292535a57dacd95a8765f5518f87,2018-03-26 16:07:32,construction_tools_house_garden,online_medium,reseller
00065220becb8785e2cf78355eb9bf68,2018-07-10 11:34:50,handcrafted,online_medium,reseller
c70c1b0d8ca86052f45a432a38b73958,2018-03-13 21:39:34,health_beauty,online_medium,reseller
8ec9a02e1c573e5ebf9133968d9b0042,2018-02-28 21:24:13,home_office_furniture,industry,manufacturer
a53f60f05f822b5c621a50ff6a5cb362,2018-04-04 18:53:19,home_decor,online_big,manufacturer
a86bf7a9ba609d0527f10ea8f0a5446c,2018-05-08 20:14:11,sports_leisure,offline,manufacturer
88ef59b51bdaa941d10a853429f2b6ce,2018-04-18 20:05:55,audio_video_electronics,online_medium,reseller
7d81e74a4755b552267cd5e081563028,2018-05-14 12:26:01,construction_tools_house_garden,industry,manufacturer
9b1f656ca3060f8af17a50d8a024b533,2018-05-15 20:34:06,construction_tools_house_garden,online_medium,reseller
f50d9d5fa45cba8c1a6b643987810c34,2018-08-24 11:54:08,construction_tools_house_garden,online_big,reseller
f3c747c1913de1af068d8feb79900063,2018-04-06 16:27:35,religious,online_small,manufacturer
157497483bb7876340ea4441c9bd1774,2018-08-20 17:50:56,pet,industry,reseller
b031973a2fadbc89767531a45ca39e40,2018-04-27 16:17:37,health_beauty,offline,reseller
0255dc67cb6bad298606136951ab1877,2018-03-06 18:49:03,computers,online_medium,reseller
a2d528e2abdf88afe0d245519b3b3d65,2018-04-30 03:00:00,car_accessories,industry,manufacturer
77a515caa36327151d1cc6c32a9f00e1,2018-02-15 14:58:37,stationery,industry,manufacturer
791a644d62fbd7a1fdabda6fc610bf33,2018-04-25 19:19:08,car_accessories,industry,manufacturer
df1183c2b82ee7ce304ed60ced00949c,2018-04-13 11:56:52,health_beauty,offline,reseller
0ffe89723de9b21041556d02e9b21a8b,2018-01-25 15:03:55,home_decor,online_medium,reseller
43402bdf22aa2310e8f99e2f94f78628,2018-04-05 18:45:56,home_office_furniture,industry,manufacturer
28f10b1c5e5abb9d4857745bede6147c,2018-04-10 14:05:56,audio_video_electronics,online_big,reseller
414cc02d780baaa13439c37bd89641ef,2018-02-26 18:32:05,car_accessories,online_medium,reseller
1961c3e1272bfeceb05d0b78b5bbfdaf,2018-06-07 14:21:17,games_consoles,online_medium,reseller
68175a6b26cdbc4b3a51ed5353276e4d,2018-01-31 20:47:51,home_office_furniture,industry,manufacturer
7adbd3210a7b3cc2235e225eef33574d,2018-04-10 22:03:57,household_utilities,online_medium,reseller
0b9164d3b23215d4dfee8a045a3a1b3d,2018-04-11 19:00:03,home_decor,offline,reseller
7c7d0dee362960b1d9b01fe7284e19ba,2018-08-23 21:56:01,home_decor,online_small,manufacturer
9f716fbca2fbec913c646e6c60f25b60,2018-02-07 19:54:19,health_beauty,industry,reseller
b8cb8fd0484ee4f796b41e363dcd303d,2018-05-15 20:22:41,computers,offline,reseller
33cbbec1e7e1044aaf11d152172c776f,2018-03-06 13:27:32,household_utilities,online_big,reseller
d82168bc00226dc72728bc957d2539bc,2018-07-17 17:02:36,handcrafted,online_small,manufacturer
97e50a621f8e801f4baf69e08687c192,2018-02-08 20:28:27,toys,online_small,reseller
f0ec78809fe0bc3edb11c9fe5b97b059,2018-03-19 12:41:03,household_utilities,online_medium,reseller
6ebf4eceee4dd9847201c82e77ef8123,2018-03-27 14:48:01,health_beauty,online_beginner,reseller
02df983480ff75ead8a031a3c7a849ad,2018-04-18 19:05:58,phone_mobile,offline,reseller
594f9aaa48e5bf431f011ddc5669b0d5,2018-04-06 19:42:14,bags_backpacks,online_medium,reseller
4675c38ffdf3a0c9e9665f629c5c713b,2018-02-06 16:11:05,home_decor,online_medium,reseller
fb6e76ca64c0cc2c2dee53219e685f4b,2018-05-10 19:26:38,games_consoles,online_big,reseller
e504a4e2efaa45cbff7e268a2c58c956,2018-03-28 21:22:04,home_decor,industry,manufacturer
6b90f847357d8981edd79a1eb1bf0acb,2018-05-17 17:22:45,construction_tools_house_garden,online_medium,reseller
eaeec4fdcdc91ead735718ae9bebcd8e,2018-03-24 03:00:00,health_beauty,offline,manufacturer
5a4236931428800e9d9cc04af0987118,2018-06-07 13:30:28,household_utilities,online_medium,reseller
9e96cf88816c531ac19a680a2fdb78a7,2018-03-14 12:14:58,home_office_furniture,online_big,manufacturer
603bb4eeb3f0927e59e253357a9ca06b,2018-03-29 13:49:44,handcrafted,offline,manufacturer
5e7730e8ae6bffdee755a8d31e6b77a4,2018-05-14 19:57:48,small_appliances,industry,manufacturer
2c2c9832d1bb38c5b0034a3b47d313ee,2018-04-13 16:21:23,health_beauty,industry,manufacturer
25ca84afdd32ede184dba55631c55274,2018-08-30 12:32:15,computers,online_big,reseller
08220245c361752c4f7bdc9a39821dbe,2018-04-05 15:11:12,car_accessories,online_medium,manufacturer
d622a61456dcbf4cc960221e15ac48b7,2018-02-28 18:22:11,baby,offline,reseller
34fe2ce0770697c1b8b35c13a8e2f7d4,2018-08-17 19:29:47,watches,online_beginner,reseller
1832c08bba48a37868d4093259e8c288,2018-10-31 19:17:57,home_decor,offline,reseller
d63f306de130e0391d38a792541723b8,2018-04-25 16:03:49,car_accessories,online_medium,reseller
49388b546c8a96b96e9f15b5980b1cd7,2018-03-12 16:40:42,bed_bath_table,online_beginner,reseller
596849622429351f47b32e6cae1055ff,2018-04-16 12:26:39,phone_mobile,online_medium,reseller
9140ef75cc8211c4035935e80e567204,2018-06-05 18:00:37,pet,industry,manufacturer
7dd3be74c6cd6800d809935ff47bd3bf,2018-03-21 13:03:40,health_beauty,offline,manufacturer
5fff4dd813a9fe1ce972a80407e16457,2018-04-10 18:22:26,home_decor,online_beginner,manufacturer
465b4d6f3d04fac8957c6017541df171,2018-03-22 13:02:12,health_beauty,online_beginner,manufacturer
7614a7c196be837b0eba0a3811e51b29,2018-04-16 14:49:40,bed_bath_table,online_big,manufacturer
63972c86dd9a38da4f3d8b5ccec2ee60,2018-07-13 19:46:12,jewerly,offline,reseller
493a261e134421b6d9d997900fa56a5f,2018-03-16 16:20:55,construction_tools_house_garden,online_big,reseller
8ff95b78fd27130aef0a3b68b7124c51,2018-02-23 11:40:05,party,offline,manufacturer
985c92cc412091f8529c12d7f23d3fef,2018-04-18 16:43:53,health_beauty,offline,reseller
76e8c36299440e255379b5fa7f03f272,2018-09-20 17:13:05,food_drink,offline,reseller
26677ff8d8321b864317019c728ac010,2018-04-12 03:00:00,construction_tools_house_garden,online_medium,reseller
c7bb64409aa480bb7d0335faaaf3d242,2018-04-11 17:08:35,car_accessories,online_big,reseller
1e26c56af8d48424e1df0140a2401f83,2018-02-26 13:02:58,construction_tools_house_garden,offline,reseller
8c818d927ba4145304edccf74293f8b6,2018-10-29 14:54:02,household_utilities,industry,manufacturer
daf565f087a52def0fd5c5825b3661bc,2018-03-28 13:21:21,home_decor,online_big,reseller
7ee00840eff17f731c41f35b12184c96,2018-07-13 21:58:39,computers,online_beginner,reseller
9c7fd21e0aa159b20da593371f08ff7c,2018-02-16 11:56:46,audio_video_electronics,online_medium,reseller
f002671b6ff4042e52a52aaccba44c0e,2018-03-14 17:31:31,handcrafted,online_small,manufacturer
cb141ec6f444a4cb7a2400aaf80b6fc3,2018-07-02 17:20:22,health_beauty,online_medium,reseller
508808d438fe2ff972ed13bb8f4a82e2,2018-07-24 19:56:07,home_decor,online_big,reseller
5084f696554075b9a98403b769f31cd5,2018-04-02 13:03:24,home_decor,online_medium,manufacturer
246eefbebdc0c11402ec404e1589de43,2018-05-11 16:16:13,health_beauty,online_small,manufacturer
41da412d33e8da4f22baf55cb1bde82c,2017-12-11 18:07:26,food_supplement,industry,manufacturer
8c4e430c5e662c328d3c84d334871709,2018-07-13 17:38:49,pet,online_beginner,reseller
cfe94489ddd337d1e29e12f2a7205d10,2018-01-22 02:00:00,construction_tools_house_garden,online_medium,reseller
c611f4ce9ce875bcc063fa97fd4d7d12,2018-03-19 20:39:25,construction_tools_house_garden,online_medium,manufacturer
376643e536ea9ab265065925112a876a,2018-05-17 03:00:00,household_utilities,industry,manufacturer
b28c0625f1f26655cfa0f370be1164ac,2018-09-05 14:32:37,food_supplement,online_medium,reseller
196964603e568f36848694f9274a2acd,2018-05-02 13:39:20,music_instruments,online_small,reseller
189ca3538ce9f920cacf0f982cbe223b,2018-04-30 12:04:11,stationery,online_medium,manufacturer
7877194d40c496d36a88ae5957c5e7d1,2018-04-13 03:00:00,car_accessories,industry,manufacturer
9ffca1681e7428db3d75eb4b69ee9599,2018-02-08 13:13:35,health_beauty,online_medium,manufacturer
382229d1e840115ffe3dbf5ff460e417,2018-03-27 19:15:09,household_utilities,online_big,reseller
5bc24d989e71e93c33e50a7782431b0e,2018-03-20 20:23:26,car_accessories,online_medium,manufacturer
5e063e85d44b0f5c3e6ec3131103a57e,2018-03-06 19:38:55,health_beauty,online_big,reseller
164471825a8de8c31eb8cb9375b27243,2018-03-07 19:23:35,computers,online_medium,reseller
bd585fa4d871cd7600ec8a2b90c57a4e,2018-09-26 11:48:53,car_accessories,online_medium,reseller
698f5fa55a5f73d0740e9d9a773e8093,2018-03-15 20:31:54,health_beauty,offline,reseller
0f5f7caa3e6a2b466fabe6bfaf25b06b,2018-03-26 17:04:23,audio_video_electronics,online_medium,reseller
e1dc0754bada9ee4cfe9713f22f61292,2018-03-02 21:18:48,toys,online_medium,reseller
e58a5b390e28abc0b216cfb0e07d27d7,2018-01-19 19:29:55,bags_backpacks,online_medium,reseller
588e81a6924bcffd4e366453885e72b1,2018-10-26 17:06:53,audio_video_electronics,online_medium,manufacturer
aae5e7b457a3c72ee230a47d98fceda5,2018-01-17 12:11:20,bed_bath_table,industry,manufacturer
dfa0c4c6229ab200a4a1336b4d7128ff,2018-04-20 19:42:05,home_decor,online_medium,reseller
a31ed365258882cc2a1e25d6710704ea,2018-04-30 21:23:41,audio_video_electronics,online_medium,reseller
53088c75f948b48a7ece173ac17f0c12,2018-05-09 13:17:12,health_beauty,offline,reseller
eada4a0629faf243de4159916c10cd1a,2018-03-06 18:14:08,health_beauty,online_big,reseller
0c1d290fe8e252b31ebc2ead30634efc,2018-04-18 12:45:01,health_beauty,online_medium,reseller
c33e6d3ad32fd5bec1b0f2522f668213,2018-11-09 20:06:38,other,other,other
fd5564b7d093f9d64d1a5f223dfe43bc,2018-04-06 12:13:08,car_accessories,offline,reseller
2e311c110b108aece4a48ab7165f28b3,2018-02-22 21:25:08,household_utilities,online_medium,reseller
da43bc6766501a2ad1aba35b09b7c9ac,2018-04-10 19:08:35,watches,offline,reseller
4a4da369ad50f14d48337aa52eb826f5,2018-01-29 15:09:03,health_beauty,online_medium,reseller
05e107217c7266362fd44b75b2cd4cc4,2018-05-16 15:05:26,stationery,online_medium,reseller
7f49fc7a8336278ab1287ed28d565258,2018-04-20 20:24:22,food_supplement,industry,manufacturer
c510bc1718f0f2961eaa42a23330681a,2018-04-10 18:37:30,baby,online_big,reseller
ae1e6f638fc33a9cdbc2871bf60c6635,2018-04-13 17:03:29,home_decor,online_medium,manufacturer
4c1c7281388a33dd06daac44f9fadbd1,2018-03-08 18:57:56,stationery,online_medium,reseller
85ecf03781da592876b7844acc1b729f,2018-04-30 18:24:13,health_beauty,online_medium,reseller
968268a686aa05d1f529fb07dff08130,2018-01-22 19:14:25,stationery,online_big,reseller
ae0728a2cb289dec6d1ceb0b7d6b82c5,2018-04-10 14:43:06,health_beauty,online_medium,reseller
8cd5c90bb5fe7f2d779c81bfd6d9ffcf,2018-04-17 13:14:51,health_beauty,online_medium,reseller
2d2f1c1a4f518137df3e4d8d5f57beae,2018-05-16 20:25:19,health_beauty,online_beginner,manufacturer
106ebccfb024488d2dd7aac29c9a20a3,2018-02-05 15:04:41,computers,online_beginner,reseller
e250d617a0ad591ba9bd663e584a895d,2018-01-15 13:08:11,home_decor,online_beginner,manufacturer
1ab0c07336fcfada1d031cf1c9718ca7,2018-06-12 18:59:26,health_beauty,online_big,reseller
53be10ff134691e94a4089b41c75874f,2018-09-11 13:14:37,construction_tools_house_garden,online_small,reseller
aa3d06427142ec11df8f7df0e159b71a,2018-02-21 14:54:47,household_utilities,industry,manufacturer
50ca38cf4312fde2e0d35f6169208b54,2018-05-18 17:17:42,home_decor,offline,reseller
7c51de0ab286204ce75ff42bf7c10d92,2018-03-14 20:07:27,food_supplement,online_medium,reseller
6a53b90c3ad9e0b56d9fe5c69165fff5,2018-05-09 16:21:08,fashion_accessories,online_medium,manufacturer
e10575e8e45d5d8cedfc60d838ac286b,2018-04-30 20:57:42,gifts,online_medium,reseller
11742f81550ac064cc9a40f67151d9ad,2018-05-31 21:24:31,home_appliances,online_medium,reseller
429e2324ee8c0a95b565f78b465e8a07,2018-05-30 16:15:12,fashion_accessories,online_beginner,manufacturer
e94b64dc6979b302a5a5be1662c83bb6,2018-05-04 03:00:00,home_decor,online_medium,reseller
52c53edae0e04256ecf6c407608e7e09,2018-04-24 20:43:12,stationery,industry,manufacturer
45a9bd664803609f452cce925e21d24d,2018-06-19 12:36:05,car_accessories,online_big,reseller
1444c08e64d55fb3c25f0f09c07ffcf2,2018-02-06 13:55:36,car_accessories,online_beginner,reseller
99d4602ff2c719a03c6d8df853ebedf8,2018-04-25 19:43:04,household_utilities,industry,manufacturer
d449188091598bf0dbd32c312570f168,2018-06-29 18:28:26,audio_video_electronics,offline,reseller
a267686cbbbfe674d0834d3ad95df5bb,2018-03-28 16:16:34,health_beauty,industry,manufacturer
9f15313cc96cd611d45e63eab4170bf1,2018-03-02 12:58:05,car_accessories,online_medium,reseller
a1617fea9bff799a4d5b3db7a7baa713,2018-07-06 17:10:17,audio_video_electronics,online_medium,reseller
5f57db27027655e6c6a391601daa0258,2018-02-08 13:10:58,household_utilities,online_medium,reseller
eb9267cccc90f1b49c8d2f9887c7dd97,2018-04-20 12:20:34,sports_leisure,online_medium,reseller
abbc2aa191ecd8fbb5be1701d7bb6ef4,2018-05-21 20:17:38,sports_leisure,offline,manufacturer
ce616e1913288884e7742faac9d981db,2018-05-07 16:18:52,construction_tools_house_garden,online_big,manufacturer
65b6aa01895e9ddce79b482da06dda9d,2018-04-13 14:30:12,toys,online_medium,reseller
8ed21f7ffec3a30e915d8e85eb3c4f72,2018-06-08 12:15:38,bed_bath_table,online_medium,reseller
6a87cbc1ebb8046bb3a851059feb6df3,2018-10-18 16:27:51,home_decor,online_beginner,manufacturer
88cf19ec1fc2c58f161aee259d57142c,2018-04-27 14:01:59,household_utilities,online_big,reseller
1c16af6213cf83914774c6490065da81,2018-04-04 18:42:57,bed_bath_table,online_medium,reseller
0b1ca3ef18a63d7eb0c8897fa0849c08,2018-01-29 12:10:19,health_beauty,industry,manufacturer
f3c38ab652836d21de61fb8314b69182,2018-03-28 18:50:57,computers,online_small,reseller
d598f929fc44e1e38678e7f47250ec04,2018-04-20 18:13:06,car_accessories,industry,reseller
f1fd6779d8d9afe83f4135a22903f22b,2018-03-20 17:30:41,pet,industry,manufacturer
36637850ddda5031f5bcf5499dd955a3,2018-04-11 12:24:58,household_utilities,online_medium,reseller
134c69b4dff67e40a022dd8bf81e002e,2018-05-15 17:20:12,construction_tools_house_garden,offline,reseller
34f563c82a85b99ae9e6d60db5fc2e28,2018-04-04 19:56:06,audio_video_electronics,online_medium,reseller
a7a9b880c49781da66651ccf4ba9ac38,2018-04-25 21:02:03,bed_bath_table,offline,reseller
bf1f3d5402ed867f05bed505a3b2a05a,2018-02-14 11:14:12,sports_leisure,offline,reseller
ba87e2cbb33c1412290b8ccc37301672,2018-03-07 14:58:07,food_drink,industry,manufacturer
28872dc528e978a639754bc8c2ce5a4c,2018-05-09 14:24:56,household_utilities,online_medium,manufacturer
758fbe94c656fc484d204e7d60808484,2018-03-09 17:59:38,construction_tools_house_garden,online_medium,reseller
64c9a1db4e73e19aaafd3286dc448c96,2018-08-07 17:17:28,household_utilities,online_medium,reseller
271c58a1d139c45eaf3316107c6d3a3b,2018-04-12 13:58:09,bags_backpacks,online_beginner,reseller
6548c2550b6e2d8f18053216e1c7b6f3,2018-04-23 20:19:56,household_utilities,online_medium,manufacturer
41b14765bd56c8ad10971074380f9c0c,2018-02-15 11:24:52,computers,industry,reseller
85222e25007ce95bf79c00f643d1e436,2018-02-09 15:37:08,health_beauty,offline,manufacturer
6eeed17989b0ae47c9f11ece6f38ea90,2018-04-30 16:06:05,car_accessories,online_medium,reseller
e5d7bbbca541b3b39e1649f94074b963,2018-06-11 21:01:55,health_beauty,online_big,reseller
843c73eda46e28b278031033b616bc8e,2018-08-14 14:48:04,home_decor,industry,manufacturer
876300c1c122f7fafd3ba74a478221f4,2018-08-17 03:00:00,audio_video_electronics,online_medium,reseller
8f28d70a98ca556691300d08ebdddc88,2018-04-13 20:51:13,home_decor,online_big,manufacturer
99cd94252748d2bdde08e17858233602,2018-05-08 21:28:11,pet,online_medium,reseller
6f83d9e4da896daae20b9b6b2d3ff8d2,2018-03-14 14:24:23,household_utilities,industry,reseller
e6341a38a2e15b8834ac0410015547e4,2018-04-20 17:53:11,health_beauty,industry,reseller
0b7589387392dd2e2458f86606aa2a99,2018-07-26 16:15:33,car_accessories,online_medium,reseller
dc50afafdfa325eadc890c7fa42a8f4e,2018-04-30 18:57:37,audio_video_electronics,online_big,reseller
75e645bd511287258a5afc20acd4e338,2018-06-28 12:33:50,bags_backpacks,offline,manufacturer
af3ef48d0e13835e529c29ac573c63e5,2018-05-09 21:35:58,pet,online_top,manufacturer
535bf14f36346c7f59d87cece104d70c,2018-08-07 12:21:06,home_decor,online_medium,manufacturer
7e165d0fd266781dbf944faf150e265b,2018-09-10 18:10:00,home_decor,online_big,manufacturer
da3b4c4b11a5be0f29634d1e6bb7dce0,2018-01-19 11:26:39,health_beauty,online_medium,reseller
5dc203c7b84a0e71e878a179de05fb9a,2018-03-07 12:25:54,construction_tools_house_garden,industry,reseller
710b15ab273348b3db04d636937061c3,2018-11-06 19:41:39,household_utilities,online_medium,reseller
88cd3681e0a2ba85e190f7d817629c4c,2018-07-09 18:00:57,car_accessories,online_big,reseller
b586cd24c010a13916af621b0325fbba,2018-05-24 19:51:56,home_decor,online_beginner,reseller
fe3d2c21fe1b15298d60a0792621ddf8,2018-04-06 16:43:28,car_accessories,industry,reseller
6836558ca75302628900564ce7c67cf9,2018-01-15 18:05:41,fashion_accessories,online_top,manufacturer
7c8a7bb451a5a4e8813352670a8b9a22,2018-05-08 17:42:04,household_utilities,online_medium,reseller
df6a52d41f39ce14aa6df3af06e98e71,2018-03-14 17:18:59,health_beauty,online_medium,reseller
6cbd0872de0e3e92a1b90f229aac6e61,2018-03-02 13:54:02,home_decor,online_medium,reseller
d566c37fa119d5e66c4e9052e83ee4ea,2018-02-28 17:16:15,sports_leisure,online_big,reseller
e116c7455dd26a4d8c3e92532583905f,2018-01-22 02:00:00,health_beauty,online_big,reseller
611aa09794938387efe774f5abf64c03,2018-04-30 21:29:27,home_decor,online_medium,reseller
bf00385a5f7fc1ef39a13c2e9ee50a5f,2018-06-21 12:21:33,audio_video_electronics,online_big,reseller
27bcbf1bcae4a9c14c54627933160f37,2018-07-09 14:53:03,home_decor,industry,manufacturer
dbc7e4c98a58fa8731412f4da2f43cb4,2018-04-24 03:00:00,household_utilities,online_beginner,reseller
7aa286758114fcd93df587a1e23301ed,2018-03-12 18:45:13,handcrafted,online_medium,manufacturer
818d9691c76fabaf6b491f6a9baefad9,2018-06-01 02:32:00,home_decor,online_big,manufacturer
a46cc8988e2dc21616cc0b2cec80be4b,2018-03-27 13:27:01,construction_tools_house_garden,industry,manufacturer
bb2eca0468c9088bd9a146c8d6c72e0b,2018-01-16 13:16:45,construction_tools_house_garden,online_beginner,reseller
623ad9d0c1e14bb5464a8c72bff7b4af,2018-02-27 17:39:50,household_utilities,online_big,manufacturer
639541c9c4a8a5b34424cac6f81f6be7,2018-04-10 12:30:33,phone_mobile,online_medium,reseller
649d307ba392e2cc6cedc7888f51923d,2018-05-14 14:24:45,car_accessories,offline,reseller
fadb07c842a2aef5d5a676b85f220e71,2018-04-10 17:23:25,sports_leisure,online_medium,reseller
3786da2e9afd5d55617521bd1685dec0,2018-10-01 17:47:09,toys,online_medium,reseller
b7bff8fe73a12a5e844c7d83ee1202ff,2018-03-07 19:17:31,small_appliances,online_small,manufacturer
09175f552e7526624e8100bdc8d0c92d,2018-02-22 16:22:07,food_drink,offline,reseller
a64e44665225d19dfc0277eeeaaccc57,2018-05-14 18:06:33,food_supplement,online_medium,manufacturer
6b3bd31ad8fcda4b2635ec9f3ff2ecdf,2018-03-13 18:53:47,food_supplement,online_small,reseller
a84e05448dd8286412b96fddf603db26,2018-03-14 03:00:00,sports_leisure,online_medium,manufacturer
213fafb0ca06fb3d5886579c2565791b,2018-05-17 18:11:29,audio_video_electronics,online_big,reseller
2a17b229ca84523393b003b7e0bfae63,2018-08-20 14:41:13,toys,online_small,manufacturer
e0a3c37054ade6478d923a6efc10f308,2018-05-25 17:32:40,baby,online_beginner,manufacturer
8fb67a334bacec338885b4e9e1708073,2018-04-27 12:18:34,home_decor,online_medium,manufacturer
4a23adac87cf538689fa600d976f78b2,2018-07-19 21:17:47,health_beauty,industry,manufacturer
76ea5315acb3f5f7ade3cd261faf922a,2018-04-24 20:54:30,car_accessories,online_big,reseller
741eb1606348f827baeb4c099fcf1bdd,2018-02-06 20:18:28,food_supplement,offline,reseller
f88adb15807168d3c43d71021090ce4a,2018-03-23 21:07:18,gifts,online_medium,reseller
a359ed4a476430e29909d1415ecacb1d,2018-01-19 13:12:10,home_decor,online_medium,reseller
54c04bdb5ec46762f8f08c7e8f86ed4a,2018-01-26 16:27:17,food_supplement,online_medium,reseller
8476243f92442881ddd5b578975cf115,2018-01-08 02:00:00,audio_video_electronics,online_big,reseller
09bad886111255c5b5030314fc7f1a4a,2018-04-26 19:36:13,handcrafted,offline,reseller
8b286dd43c391bc2d763668067eca963,2018-05-22 12:54:36,food_supplement,industry,manufacturer
07a9a154056e210f17bbacd5e30c024c,2018-06-04 00:00:00,bed_bath_table,industry,manufacturer
f0418a194da21de7cd01336b10be11a7,2018-02-20 12:17:26,construction_tools_house_garden,industry,reseller
fcc29f9f37cfd89db0038d8de7f97f08,2018-03-13 20:12:45,sports_leisure,online_big,reseller
01266d4c46afa519678d16a8b683d325,2018-05-18 20:02:04,construction_tools_house_garden,online_small,reseller
297be0a3c196d803e4e4f013432be4e1,2018-07-30 14:02:01,home_decor,online_beginner,manufacturer
1a47a5831effd926ad6bee7ab8beb86c,2018-06-29 17:54:16,home_decor,online_medium,reseller
1cd757f0f38c0847a2f05717d18b8d92,2018-05-18 12:38:36,computers,industry,reseller
9cf787a239c1aa29dbd76f153dc13f9a,2018-01-24 12:27:42,fashion_accessories,online_medium,reseller
1a932caad4f9d804097d7f8e615baed1,2018-02-19 19:51:00,construction_tools_house_garden,industry,reseller
b2d462f41b6b46b0569b20a8a4ebfcae,2018-05-29 18:53:31,health_beauty,online_medium,reseller
7e1f0755f1c75e301dfa37c21fd01efe,2018-11-12 19:17:25,other,other,other
ae9cf62cf691b753d4f0d3d40731cc3c,2018-09-10 20:48:01,health_beauty,online_medium,reseller
0cab2da43793a6f3c5ed8514c5f54627,2018-04-05 16:29:23,bags_backpacks,offline,reseller
0d7d5bca59d45d750fb7913b974e9d08,2018-10-30 11:54:22,construction_tools_house_garden,online_big,manufacturer
708cc2c4ffdd3307d5cdee0d7387307b,2018-04-06 16:52:50,audio_video_electronics,online_medium,reseller
7210cd29727d674c00741e5e387b3ccd,2018-04-17 17:18:09,car_accessories,online_medium,reseller
05a48cc8859962767935ab9087417fbb,2018-05-30 03:00:00,fashion_accessories,online_beginner,reseller
c65fb4ec11e8d18c95ef150885418aea,2018-02-15 11:27:17,household_utilities,online_beginner,reseller
3ffabd7292c755d5cebe5b2d6350b850,2018-02-21 13:27:48,phone_mobile,online_big,reseller
9d681c7e12db302cb261e721040dde65,2018-05-04 03:00:00,sports_leisure,online_small,reseller
d984b175957d0e67bc5bf232285ac792,2018-02-05 12:51:36,books,online_medium,reseller
f4d969837a2957bb052a71af7d39fc91,2018-03-26 14:03:55,bed_bath_table,online_beginner,reseller
f1340f6d3347d9fae747fc3d236a2e41,2018-07-17 20:12:39,car_accessories,online_medium,reseller
4eeb99008a0f59d2c7759c59f9a346eb,2018-04-06 19:30:00,audio_video_electronics,online_medium,reseller
c013e57c075a06e5b5c48ee03c525719,2018-02-01 17:10:20,pet,online_medium,reseller
b9ec22de23f18567de0e09d776ca0309,2018-04-06 19:26:13,stationery,online_medium,reseller
f46490624488d3ff7ce78613913a7711,2018-05-16 19:51:05,health_beauty,online_big,reseller
7bfe1c6d7a61cccc48bbbebe206390a9,2018-04-06 20:40:05,household_utilities,online_medium,reseller
a9f81449e8f8a47f6c67e5a43b40ed04,2018-03-01 21:03:12,food_drink,industry,manufacturer
2a1a7b9bb186aba4e126ec76f9607237,2017-12-05 02:00:00,computers,offline,reseller
eeb3e4d4f423780ab2acfe23ea0d5e49,2018-03-29 19:37:01,food_supplement,online_small,reseller
b6392ab5fdb153fb3c6c7c0e174cdc29,2018-04-04 20:33:19,audio_video_electronics,online_medium,reseller
33dd941c27854f7625b968cc6195a552,2018-03-28 22:42:55,household_utilities,online_medium,reseller
c70a353f02429c00775a46a75fb787da,2018-04-20 12:27:44,health_beauty,online_medium,reseller
4fe2f67634d00c021aa01f96b6f2d68e,2018-06-07 21:23:45,food_supplement,online_small,reseller
b21768cfefb49b94e9bcd38037e93d1f,2018-02-09 12:16:16,car_accessories,online_medium,manufacturer
bfcc27719640628da877db48b672b169,2018-08-01 20:22:31,home_decor,offline,reseller
4a82eab98441aeb64566e2776c1fb2b6,2018-09-27 18:58:41,construction_tools_house_garden,online_big,reseller
55031883943971ca22db6894574cfe2c,2018-06-06 20:15:26,computers,online_medium,reseller
c0e933c238e41f0cd459d6025ee9b364,2018-03-06 15:52:23,pet,online_beginner,reseller
1bba9c94eb5c4e82fba9f7286fe81025,2018-05-02 13:31:32,household_utilities,industry,manufacturer
